ISO-10303-21;
HEADER;
FILE_DESCRIPTION (( 'STEP AP203' ),
    '1' );
FILE_NAME ('5969N11_Miniature T-Slotted Framing.STEP',
    '2025-01-06T14:26:27',
    ( 'Administrator' ),
    ( 'Managed by Terraform' ),
    'SwSTEP 2.0',
    'SolidWorks 2017',
    '' );
FILE_SCHEMA (( 'CONFIG_CONTROL_DESIGN' ));
ENDSEC;

DATA;
#1 = APPROVAL_ROLE ( '' ) ;
#2 = EDGE_LOOP ( 'NONE', ( #128, #1548, #986, #714 ) ) ;
#3 = DIRECTION ( 'NONE',  ( 1.000000000000000000, -0.0000000000000000000, 0.0000000000000000000 ) ) ;
#4 = AXIS2_PLACEMENT_3D ( 'NONE', #637, #2252, #1012 ) ;
#5 = EDGE_CURVE ( 'NONE', #1182, #875, #2480, .T. ) ;
#6 = DIRECTION ( 'NONE',  ( -1.000000000000000000, 0.0000000000000000000, 0.0000000000000000000 ) ) ;
#7 = ADVANCED_FACE ( 'NONE', ( #1729 ), #2278, .F. ) ;
#8 = CARTESIAN_POINT ( 'NONE',  ( -38.10000000000000100, -4.025900000000000000, -2.561056801418277300 ) ) ;
#9 = DIRECTION ( 'NONE',  ( 0.0000000000000000000, 0.7660444431189772400, 0.6427876096865402500 ) ) ;
#10 = CARTESIAN_POINT ( 'NONE',  ( 38.10000000000000100, 4.025900000000000000, -1.752600000000001700 ) ) ;
#11 = EDGE_LOOP ( 'NONE', ( #469, #788, #1127, #1913 ) ) ;
#12 = ORIENTED_EDGE ( 'NONE', *, *, #256, .T. ) ;
#13 = VECTOR ( 'NONE', #1349, 1000.000000000000000 ) ;
#14 = AXIS2_PLACEMENT_3D ( 'NONE', #645, #1711, #2291 ) ;
#15 = CIRCLE ( 'NONE', #956, 0.3091431985817226800 ) ;
#16 = VECTOR ( 'NONE', #1573, 1000.000000000000000 ) ;
#17 = ORIENTED_EDGE ( 'NONE', *, *, #2026, .F. ) ;
#18 = ORIENTED_EDGE ( 'NONE', *, *, #882, .F. ) ;
#19 = LINE ( 'NONE', #2018, #605 ) ;
#20 = CARTESIAN_POINT ( 'NONE',  ( 38.10000000000000100, -2.759770219085476000, 3.479939372016725800 ) ) ;
#21 = CIRCLE ( 'NONE', #2075, 0.2539999999999998900 ) ;
#22 = LINE ( 'NONE', #519, #1709 ) ;
#23 = AXIS2_PLACEMENT_3D ( 'NONE', #1566, #1360, #2551 ) ;
#24 = CARTESIAN_POINT ( 'NONE',  ( 38.10000000000000100, 4.025900000000000000, 1.752600000000001700 ) ) ;
#25 = DIRECTION ( 'NONE',  ( 0.0000000000000000000, 0.0000000000000000000, 1.000000000000000000 ) ) ;
#26 = DIRECTION ( 'NONE',  ( -1.000000000000000000, 0.0000000000000000000, -0.0000000000000000000 ) ) ;
#27 = VERTEX_POINT ( 'NONE', #1355 ) ;
#28 = ORIENTED_EDGE ( 'NONE', *, *, #1782, .F. ) ;
#29 = CARTESIAN_POINT ( 'NONE',  ( -38.10000000000000100, 5.000000000000000000, 1.752599999999999900 ) ) ;
#30 = CARTESIAN_POINT ( 'NONE',  ( 38.10000000000000100, -2.561056801418280400, -4.025900000000004500 ) ) ;
#31 = VERTEX_POINT ( 'NONE', #1534 ) ;
#32 = AXIS2_PLACEMENT_3D ( 'NONE', #2593, #576, #342 ) ;
#33 = CARTESIAN_POINT ( 'NONE',  ( -38.10000000000000100, 1.752599999999999900, -5.000000000000000000 ) ) ;
#34 = CARTESIAN_POINT ( 'NONE',  ( -38.10000000000000100, 4.336808689942017700E-016, 2.019300000000002500 ) ) ;
#35 = CARTESIAN_POINT ( 'NONE',  ( 38.10000000000000100, -2.561056801418280000, -3.716756801418281200 ) ) ;
#36 = AXIS2_PLACEMENT_3D ( 'NONE', #197, #2405, #375 ) ;
#37 = EDGE_CURVE ( 'NONE', #875, #447, #1508, .T. ) ;
#38 = ORIENTED_EDGE ( 'NONE', *, *, #1817, .F. ) ;
#39 = CARTESIAN_POINT ( 'NONE',  ( -38.10000000000000100, -1.089867613356766400, -2.078724711447783100 ) ) ;
#40 = ORIENTED_EDGE ( 'NONE', *, *, #1596, .T. ) ;
#41 = LINE ( 'NONE', #1362, #347 ) ;
#42 = ORIENTED_EDGE ( 'NONE', *, *, #892, .F. ) ;
#43 = VECTOR ( 'NONE', #2365, 1000.000000000000000 ) ;
#44 = VECTOR ( 'NONE', #1592, 1000.000000000000000 ) ;
#45 = FACE_OUTER_BOUND ( 'NONE', #2596, .T. ) ;
#46 = VERTEX_POINT ( 'NONE', #2347 ) ;
#47 = DIRECTION ( 'NONE',  ( 0.0000000000000000000, -1.000000000000000000, 0.0000000000000000000 ) ) ;
#48 = AXIS2_PLACEMENT_3D ( 'NONE', #241, #1878, #2126 ) ;
#49 = CARTESIAN_POINT ( 'NONE',  ( -38.10000000000000100, -1.084202172485504400E-016, 1.257299999999998500 ) ) ;
#50 = ORIENTED_EDGE ( 'NONE', *, *, #1524, .F. ) ;
#51 = FACE_OUTER_BOUND ( 'NONE', #2061, .T. ) ;
#52 = DIRECTION ( 'NONE',  ( 0.0000000000000000000, -0.7660444431189772400, -0.6427876096865401400 ) ) ;
#53 = DIRECTION ( 'NONE',  ( 0.0000000000000000000, -5.582675850601248700E-015, 1.000000000000000000 ) ) ;
#54 = EDGE_CURVE ( 'NONE', #453, #2590, #389, .T. ) ;
#55 = EDGE_CURVE ( 'NONE', #2505, #1203, #422, .T. ) ;
#56 = PLANE ( 'NONE',  #1639 ) ;
#57 = CARTESIAN_POINT ( 'NONE',  ( 38.10000000000000100, 2.759770219085476000, 3.479939372016725800 ) ) ;
#58 = ORIENTED_EDGE ( 'NONE', *, *, #1873, .F. ) ;
#59 = DIRECTION ( 'NONE',  ( -1.000000000000000000, -0.0000000000000000000, -0.0000000000000000000 ) ) ;
#60 = CARTESIAN_POINT ( 'NONE',  ( 38.10000000000000100, 4.746000000000000400, -1.752599999999999900 ) ) ;
#61 = ORIENTED_EDGE ( 'NONE', *, *, #1128, .F. ) ;
#62 = DIRECTION ( 'NONE',  ( 0.0000000000000000000, 1.000000000000000000, 0.0000000000000000000 ) ) ;
#63 = ORIENTED_EDGE ( 'NONE', *, *, #2479, .F. ) ;
#64 = VERTEX_POINT ( 'NONE', #1531 ) ;
#65 = DIRECTION ( 'NONE',  ( 0.0000000000000000000, 5.582675850601248700E-015, 1.000000000000000000 ) ) ;
#66 = DIRECTION ( 'NONE',  ( -1.000000000000000000, 0.0000000000000000000, -0.0000000000000000000 ) ) ;
#67 = EDGE_CURVE ( 'NONE', #335, #93, #2456, .T. ) ;
#68 = ORIENTED_EDGE ( 'NONE', *, *, #860, .T. ) ;
#69 = CARTESIAN_POINT ( 'NONE',  ( -38.10000000000000100, 1.752600000000001700, 4.025900000000004500 ) ) ;
#70 = CARTESIAN_POINT ( 'NONE',  ( 38.10000000000000100, 2.273299999999999900, -0.9265995604963841400 ) ) ;
#71 = EDGE_CURVE ( 'NONE', #2406, #242, #975, .T. ) ;
#72 = CARTESIAN_POINT ( 'NONE',  ( 38.10000000000000100, 2.561056801418280400, 4.025900000000004500 ) ) ;
#73 = ORIENTED_EDGE ( 'NONE', *, *, #1866, .T. ) ;
#74 = VECTOR ( 'NONE', #6, 1000.000000000000000 ) ;
#75 = CARTESIAN_POINT ( 'NONE',  ( 38.10000000000000100, -4.025900000000000000, 2.561056801418277300 ) ) ;
#76 = VECTOR ( 'NONE', #579, 1000.000000000000000 ) ;
#77 = CYLINDRICAL_SURFACE ( 'NONE', #1827, 0.2539999999999998900 ) ;
#78 = ORIENTED_EDGE ( 'NONE', *, *, #2109, .T. ) ;
#79 = ORIENTED_EDGE ( 'NONE', *, *, #1877, .T. ) ;
#80 = CIRCLE ( 'NONE', #705, 0.3810000000000002800 ) ;
#81 = VECTOR ( 'NONE', #1622, 1000.000000000000000 ) ;
#82 = VECTOR ( 'NONE', #2162, 1000.000000000000000 ) ;
#83 = DIRECTION ( 'NONE',  ( -1.000000000000000000, -0.0000000000000000000, -0.0000000000000000000 ) ) ;
#84 = AXIS2_PLACEMENT_3D ( 'NONE', #1105, #1089, #1715 ) ;
#85 = CARTESIAN_POINT ( 'NONE',  ( 38.10000000000000100, 2.561056801418280400, -4.025900000000004500 ) ) ;
#86 = DIRECTION ( 'NONE',  ( 0.0000000000000000000, 0.0000000000000000000, 1.000000000000000000 ) ) ;
#87 = CARTESIAN_POINT ( 'NONE',  ( -38.10000000000000100, 4.746000000000000400, -1.498599999999999900 ) ) ;
#88 = AXIS2_PLACEMENT_3D ( 'NONE', #2626, #2430, #1170 ) ;
#89 = ORIENTED_EDGE ( 'NONE', *, *, #2311, .T. ) ;
#90 = EDGE_CURVE ( 'NONE', #1766, #1028, #879, .T. ) ;
#91 = ORIENTED_EDGE ( 'NONE', *, *, #925, .F. ) ;
#92 = DIRECTION ( 'NONE',  ( 0.0000000000000000000, -1.000000000000000000, 0.0000000000000000000 ) ) ;
#93 = VERTEX_POINT ( 'NONE', #2237 ) ;
#94 = CARTESIAN_POINT ( 'NONE',  ( 38.10000000000000100, -0.9265995604963851400, 2.273300000000003000 ) ) ;
#95 = PLANE ( 'NONE',  #2375 ) ;
#96 = DIRECTION ( 'NONE',  ( 0.0000000000000000000, 0.0000000000000000000, 1.000000000000000000 ) ) ;
#97 = ORIENTED_EDGE ( 'NONE', *, *, #786, .T. ) ;
#98 = EDGE_LOOP ( 'NONE', ( #1753, #1023, #225, #527 ) ) ;
#99 = DIRECTION ( 'NONE',  ( -0.0000000000000000000, 1.000000000000000000, -0.0000000000000000000 ) ) ;
#100 = VERTEX_POINT ( 'NONE', #610 ) ;
#101 = AXIS2_PLACEMENT_3D ( 'NONE', #1469, #2295, #2130 ) ;
#102 = ORIENTED_EDGE ( 'NONE', *, *, #711, .T. ) ;
#103 = FACE_OUTER_BOUND ( 'NONE', #2098, .T. ) ;
#104 = DIRECTION ( 'NONE',  ( -1.000000000000000000, -0.0000000000000000000, -0.0000000000000000000 ) ) ;
#105 = FACE_OUTER_BOUND ( 'NONE', #1591, .T. ) ;
#106 = CARTESIAN_POINT ( 'NONE',  ( -38.10000000000000100, -1.752599999999999900, 5.000000000000000000 ) ) ;
#107 = CARTESIAN_POINT ( 'NONE',  ( -38.10000000000000100, -2.561056801418280400, 4.025900000000004500 ) ) ;
#108 = ORIENTED_EDGE ( 'NONE', *, *, #1394, .F. ) ;
#109 = LINE ( 'NONE', #131, #43 ) ;
#110 = CYLINDRICAL_SURFACE ( 'NONE', #1747, 0.2539999999999998900 ) ;
#111 = FACE_OUTER_BOUND ( 'NONE', #838, .T. ) ;
#112 = CARTESIAN_POINT ( 'NONE',  ( 38.10000000000000100, -2.078724711447780500, -1.089867613356766200 ) ) ;
#113 = LINE ( 'NONE', #1178, #2157 ) ;
#114 = DIRECTION ( 'NONE',  ( 0.0000000000000000000, 0.0000000000000000000, -1.000000000000000000 ) ) ;
#115 = DIRECTION ( 'NONE',  ( -1.000000000000000000, -0.0000000000000000000, 0.0000000000000000000 ) ) ;
#116 = ORIENTED_EDGE ( 'NONE', *, *, #745, .F. ) ;
#117 = DIRECTION ( 'NONE',  ( 0.0000000000000000000, 0.0000000000000000000, 1.000000000000000000 ) ) ;
#118 = CARTESIAN_POINT ( 'NONE',  ( -38.10000000000000100, -1.089867613356766400, 2.078724711447783100 ) ) ;
#119 = DIRECTION ( 'NONE',  ( -1.000000000000000000, 0.0000000000000000000, -0.0000000000000000000 ) ) ;
#120 = ORIENTED_EDGE ( 'NONE', *, *, #2159, .F. ) ;
#121 = CARTESIAN_POINT ( 'NONE',  ( 38.10000000000000100, 4.555462480824628100E-017, -1.257300000000002100 ) ) ;
#122 = ORIENTED_EDGE ( 'NONE', *, *, #586, .F. ) ;
#123 = DIRECTION ( 'NONE',  ( 0.0000000000000000000, 0.0000000000000000000, 1.000000000000000000 ) ) ;
#124 = EDGE_CURVE ( 'NONE', #830, #1538, #1392, .T. ) ;
#125 = ORIENTED_EDGE ( 'NONE', *, *, #2142, .F. ) ;
#126 = DIRECTION ( 'NONE',  ( 0.0000000000000000000, 0.0000000000000000000, -1.000000000000000000 ) ) ;
#127 = ADVANCED_FACE ( 'NONE', ( #851 ), #206, .F. ) ;
#128 = ORIENTED_EDGE ( 'NONE', *, *, #797, .T. ) ;
#129 = EDGE_CURVE ( 'NONE', #483, #2233, #208, .T. ) ;
#130 = DIRECTION ( 'NONE',  ( -1.000000000000000000, -0.0000000000000000000, 0.0000000000000000000 ) ) ;
#131 = CARTESIAN_POINT ( 'NONE',  ( 38.10000000000000100, -5.000000000000000000, 1.752599999999999900 ) ) ;
#132 = AXIS2_PLACEMENT_3D ( 'NONE', #1372, #589, #1565 ) ;
#133 = DIRECTION ( 'NONE',  ( -1.000000000000000000, -0.0000000000000000000, 0.0000000000000000000 ) ) ;
#134 = CARTESIAN_POINT ( 'NONE',  ( 38.10000000000000100, 4.618999999999999800, 4.618999999999999800 ) ) ;
#135 = ORIENTED_EDGE ( 'NONE', *, *, #1782, .T. ) ;
#136 = DIRECTION ( 'NONE',  ( -1.000000000000000000, -0.0000000000000000000, 0.0000000000000000000 ) ) ;
#137 = ORIENTED_EDGE ( 'NONE', *, *, #1147, .F. ) ;
#138 = ORIENTED_EDGE ( 'NONE', *, *, #1850, .F. ) ;
#139 = VECTOR ( 'NONE', #175, 1000.000000000000100 ) ;
#140 = AXIS2_PLACEMENT_3D ( 'NONE', #35, #1226, #2043 ) ;
#141 = CYLINDRICAL_SURFACE ( 'NONE', #2212, 0.2539999999999998900 ) ;
#142 = CYLINDRICAL_SURFACE ( 'NONE', #1555, 0.2539999999999998900 ) ;
#143 = EDGE_CURVE ( 'NONE', #1897, #750, #1074, .T. ) ;
#144 = ORIENTED_EDGE ( 'NONE', *, *, #2091, .F. ) ;
#145 = ORIENTED_EDGE ( 'NONE', *, *, #1918, .F. ) ;
#146 = LINE ( 'NONE', #1199, #909 ) ;
#147 = CIRCLE ( 'NONE', #2246, 0.2539999999999998900 ) ;
#148 = CYLINDRICAL_SURFACE ( 'NONE', #1881, 0.2539999999999998900 ) ;
#149 = CARTESIAN_POINT ( 'NONE',  ( 38.10000000000000100, -1.089867613356766400, -2.078724711447783100 ) ) ;
#150 = AXIS2_PLACEMENT_3D ( 'NONE', #1855, #1442, #452 ) ;
#151 = CARTESIAN_POINT ( 'NONE',  ( -38.10000000000000100, -4.025900000000000000, 2.561056801418277300 ) ) ;
#152 = ORIENTED_EDGE ( 'NONE', *, *, #786, .F. ) ;
#153 = DIRECTION ( 'NONE',  ( -1.000000000000000000, 0.0000000000000000000, 0.0000000000000000000 ) ) ;
#154 = EDGE_CURVE ( 'NONE', #2337, #195, #485, .T. ) ;
#155 = ORIENTED_EDGE ( 'NONE', *, *, #2076, .F. ) ;
#156 = ORIENTED_EDGE ( 'NONE', *, *, #831, .F. ) ;
#157 = DIRECTION ( 'NONE',  ( 0.0000000000000000000, 0.0000000000000000000, -1.000000000000000000 ) ) ;
#158 = DIRECTION ( 'NONE',  ( -1.000000000000000000, -0.0000000000000000000, -0.0000000000000000000 ) ) ;
#159 = DIRECTION ( 'NONE',  ( -1.000000000000000000, -0.0000000000000000000, 0.0000000000000000000 ) ) ;
#160 = ADVANCED_FACE ( 'NONE', ( #1998 ), #2435, .F. ) ;
#161 = ORIENTED_EDGE ( 'NONE', *, *, #329, .T. ) ;
#162 = CARTESIAN_POINT ( 'NONE',  ( -38.10000000000000100, 1.498600000000002800, -4.279900000000005800 ) ) ;
#163 = DIRECTION ( 'NONE',  ( 0.0000000000000000000, 0.0000000000000000000, -1.000000000000000000 ) ) ;
#164 = DIRECTION ( 'NONE',  ( -1.000000000000000000, 0.0000000000000000000, 0.0000000000000000000 ) ) ;
#165 = ORIENTED_EDGE ( 'NONE', *, *, #203, .T. ) ;
#166 = COORDINATED_UNIVERSAL_TIME_OFFSET ( 6, 0, .BEHIND. ) ;
#167 = CYLINDRICAL_SURFACE ( 'NONE', #1066, 0.2539999999999997800 ) ;
#168 = ADVANCED_FACE ( 'NONE', ( #2156 ), #883, .F. ) ;
#169 = LINE ( 'NONE', #2490, #2248 ) ;
#170 = CARTESIAN_POINT ( 'NONE',  ( 38.10000000000000100, 1.498600000000000400, 4.746000000000000400 ) ) ;
#171 = ORIENTED_EDGE ( 'NONE', *, *, #962, .F. ) ;
#172 = LINE ( 'NONE', #1395, #1123 ) ;
#173 = LINE ( 'NONE', #2007, #44 ) ;
#174 = LINE ( 'NONE', #1655, #2254 ) ;
#175 = DIRECTION ( 'NONE',  ( -0.0000000000000000000, -0.6427876096865404700, 0.7660444431189770100 ) ) ;
#176 = AXIS2_PLACEMENT_3D ( 'NONE', #2192, #1176, #958 ) ;
#177 = CIRCLE ( 'NONE', #1418, 0.2539999999999998900 ) ;
#178 = EDGE_CURVE ( 'NONE', #2124, #308, #2579, .T. ) ;
#179 = EDGE_CURVE ( 'NONE', #2370, #1180, #2031, .T. ) ;
#180 = ADVANCED_FACE ( 'NONE', ( #544 ), #1627, .F. ) ;
#181 = DIRECTION ( 'NONE',  ( 0.0000000000000000000, 0.0000000000000000000, 1.000000000000000000 ) ) ;
#182 = CARTESIAN_POINT ( 'NONE',  ( 38.10000000000000100, -4.746000000000000400, 1.498599999999999900 ) ) ;
#183 = ORIENTED_EDGE ( 'NONE', *, *, #959, .F. ) ;
#184 = CARTESIAN_POINT ( 'NONE',  ( 38.10000000000000100, 1.498600000000002800, 4.279900000000005800 ) ) ;
#185 = ORIENTED_EDGE ( 'NONE', *, *, #2003, .F. ) ;
#186 = ORIENTED_EDGE ( 'NONE', *, *, #831, .T. ) ;
#187 = EDGE_CURVE ( 'NONE', #867, #654, #1422, .T. ) ;
#188 = EDGE_CURVE ( 'NONE', #908, #1266, #1194, .T. ) ;
#189 = ORIENTED_EDGE ( 'NONE', *, *, #2159, .T. ) ;
#190 = CARTESIAN_POINT ( 'NONE',  ( -38.10000000000000100, 5.000000000000000000, -1.752599999999999900 ) ) ;
#191 = ADVANCED_FACE ( 'NONE', ( #1348 ), #2466, .F. ) ;
#192 = CARTESIAN_POINT ( 'NONE',  ( 38.10000000000000100, -1.498600000000002800, -4.279900000000005800 ) ) ;
#193 = DIRECTION ( 'NONE',  ( 0.0000000000000000000, 5.582675850601247100E-015, 1.000000000000000000 ) ) ;
#194 = ADVANCED_FACE ( 'NONE', ( #1676 ), #1869, .T. ) ;
#195 = VERTEX_POINT ( 'NONE', #2242 ) ;
#196 = ORIENTED_EDGE ( 'NONE', *, *, #1261, .T. ) ;
#197 = CARTESIAN_POINT ( 'NONE',  ( 38.10000000000000100, 3.716756801418277200, 2.561056801418277300 ) ) ;
#198 = ORIENTED_EDGE ( 'NONE', *, *, #1228, .T. ) ;
#199 = LINE ( 'NONE', #1319, #691 ) ;
#200 = CARTESIAN_POINT ( 'NONE',  ( -38.10000000000000100, 4.025900000000000000, 2.561056801418277300 ) ) ;
#201 = LINE ( 'NONE', #184, #601 ) ;
#202 = FACE_OUTER_BOUND ( 'NONE', #702, .T. ) ;
#203 = EDGE_CURVE ( 'NONE', #1336, #280, #1516, .T. ) ;
#204 = ADVANCED_FACE ( 'NONE', ( #1453 ), #1483, .T. ) ;
#205 = EDGE_LOOP ( 'NONE', ( #709, #1096, #777, #1879 ) ) ;
#206 = PLANE ( 'NONE',  #1487 ) ;
#207 = CIRCLE ( 'NONE', #2530, 0.2539999999999998900 ) ;
#208 = CIRCLE ( 'NONE', #1631, 0.3091431985817226800 ) ;
#209 = VECTOR ( 'NONE', #2588, 1000.000000000000100 ) ;
#210 = CARTESIAN_POINT ( 'NONE',  ( 38.10000000000000100, -1.498600000000002800, 4.279900000000005800 ) ) ;
#211 = DIRECTION ( 'NONE',  ( 0.0000000000000000000, -5.582675850601247100E-015, 1.000000000000000000 ) ) ;
#212 = EDGE_CURVE ( 'NONE', #447, #2506, #2423, .T. ) ;
#213 = DIRECTION ( 'NONE',  ( 0.0000000000000000000, 1.000000000000000000, 0.0000000000000000000 ) ) ;
#214 = EDGE_CURVE ( 'NONE', #46, #2153, #910, .T. ) ;
#215 = EDGE_LOOP ( 'NONE', ( #2190, #2134, #681, #1718 ) ) ;
#216 = ORIENTED_EDGE ( 'NONE', *, *, #652, .T. ) ;
#217 = CARTESIAN_POINT ( 'NONE',  ( 38.10000000000000100, 4.746000000000000400, 1.752599999999999900 ) ) ;
#218 = VERTEX_POINT ( 'NONE', #1455 ) ;
#219 = ADVANCED_FACE ( 'NONE', ( #2547 ), #2225, .F. ) ;
#220 = DIRECTION ( 'NONE',  ( -1.000000000000000000, 0.0000000000000000000, 0.0000000000000000000 ) ) ;
#221 = AXIS2_PLACEMENT_3D ( 'NONE', #2096, #675, #2316 ) ;
#222 = EDGE_CURVE ( 'NONE', #376, #100, #21, .T. ) ;
#223 = DIRECTION ( 'NONE',  ( -0.0000000000000000000, -1.000000000000000000, -0.0000000000000000000 ) ) ;
#224 = CARTESIAN_POINT ( 'NONE',  ( 38.10000000000000100, 2.561056801418280400, -4.025900000000004500 ) ) ;
#225 = ORIENTED_EDGE ( 'NONE', *, *, #2332, .F. ) ;
#226 = ORIENTED_EDGE ( 'NONE', *, *, #1069, .F. ) ;
#227 = COORDINATED_UNIVERSAL_TIME_OFFSET ( 6, 0, .BEHIND. ) ;
#228 = AXIS2_PLACEMENT_3D ( 'NONE', #2560, #1306, #1719 ) ;
#229 = CARTESIAN_POINT ( 'NONE',  ( 38.10000000000000100, 5.000000000000000000, -1.752599999999999900 ) ) ;
#230 = LINE ( 'NONE', #2177, #565 ) ;
#231 = FACE_OUTER_BOUND ( 'NONE', #2600, .T. ) ;
#232 = ORIENTED_EDGE ( 'NONE', *, *, #2582, .F. ) ;
#233 = LINE ( 'NONE', #2438, #2413 ) ;
#234 = DIRECTION ( 'NONE',  ( -1.000000000000000000, -0.0000000000000000000, 0.0000000000000000000 ) ) ;
#235 = VECTOR ( 'NONE', #1721, 1000.000000000000000 ) ;
#236 = CYLINDRICAL_SURFACE ( 'NONE', #1690, 0.2539999999999998900 ) ;
#237 = VECTOR ( 'NONE', #158, 1000.000000000000000 ) ;
#238 = CARTESIAN_POINT ( 'NONE',  ( 38.10000000000000100, -1.752599999999999900, 5.000000000000000000 ) ) ;
#239 = DIRECTION ( 'NONE',  ( -0.0000000000000000000, 0.6427876096865402500, 0.7660444431189772400 ) ) ;
#240 = CARTESIAN_POINT ( 'NONE',  ( 38.10000000000000100, 2.561056801418280000, 3.716756801418281200 ) ) ;
#241 = CARTESIAN_POINT ( 'NONE',  ( -38.10000000000000100, 1.752600000000001700, -4.279900000000003100 ) ) ;
#242 = VERTEX_POINT ( 'NONE', #620 ) ;
#243 = EDGE_LOOP ( 'NONE', ( #1891, #1152 ) ) ;
#244 = CARTESIAN_POINT ( 'NONE',  ( -38.10000000000000100, 4.618999999999999800, 5.000000000000000000 ) ) ;
#245 = EDGE_LOOP ( 'NONE', ( #2576, #738, #252, #435 ) ) ;
#246 = AXIS2_PLACEMENT_3D ( 'NONE', #1467, #1087, #1683 ) ;
#247 = VERTEX_POINT ( 'NONE', #837 ) ;
#248 = CARTESIAN_POINT ( 'NONE',  ( -38.10000000000000100, 2.019299999999999900, -3.654958372055276700E-016 ) ) ;
#249 = DIRECTION ( 'NONE',  ( 0.0000000000000000000, 0.0000000000000000000, 1.000000000000000000 ) ) ;
#250 = ORIENTED_EDGE ( 'NONE', *, *, #1461, .F. ) ;
#251 = EDGE_CURVE ( 'NONE', #31, #1237, #1316, .T. ) ;
#252 = ORIENTED_EDGE ( 'NONE', *, *, #2026, .T. ) ;
#253 = PLANE ( 'NONE',  #246 ) ;
#254 = DIRECTION ( 'NONE',  ( -1.000000000000000000, -0.0000000000000000000, 0.0000000000000000000 ) ) ;
#255 = DIRECTION ( 'NONE',  ( -1.000000000000000000, 0.0000000000000000000, -0.0000000000000000000 ) ) ;
#256 = EDGE_CURVE ( 'NONE', #1388, #344, #2487, .T. ) ;
#257 = CARTESIAN_POINT ( 'NONE',  ( 38.10000000000000100, -2.078724711447780500, 1.089867613356766200 ) ) ;
#258 = EDGE_LOOP ( 'NONE', ( #165, #1412, #108, #1816 ) ) ;
#259 = PERSON_AND_ORGANIZATION ( #2227, #1636 ) ;
#260 = FACE_OUTER_BOUND ( 'NONE', #372, .T. ) ;
#261 = ORIENTED_EDGE ( 'NONE', *, *, #2331, .T. ) ;
#262 = CIRCLE ( 'NONE', #1570, 0.3810000000000002800 ) ;
#263 = LINE ( 'NONE', #2207, #1544 ) ;
#264 = VECTOR ( 'NONE', #995, 1000.000000000000000 ) ;
#265 = ORIENTED_EDGE ( 'NONE', *, *, #2331, .F. ) ;
#266 = CARTESIAN_POINT ( 'NONE',  ( 38.10000000000000100, 2.561056801418280000, -3.716756801418281200 ) ) ;
#267 = AXIS2_PLACEMENT_3D ( 'NONE', #2358, #1541, #1144 ) ;
#268 = CARTESIAN_POINT ( 'NONE',  ( 38.10000000000000100, -5.000000000000000000, 4.618999999999999800 ) ) ;
#269 = ORIENTED_EDGE ( 'NONE', *, *, #313, .F. ) ;
#270 = CYLINDRICAL_SURFACE ( 'NONE', #362, 0.3091431985817226800 ) ;
#271 = LINE ( 'NONE', #1666, #940 ) ;
#272 = CARTESIAN_POINT ( 'NONE',  ( -38.10000000000000100, 2.561056801418280400, -4.025900000000004500 ) ) ;
#273 = VECTOR ( 'NONE', #1778, 1000.000000000000000 ) ;
#274 = CARTESIAN_POINT ( 'NONE',  ( -38.10000000000000100, 1.752600000000001700, -4.025900000000004500 ) ) ;
#275 = AXIS2_PLACEMENT_3D ( 'NONE', #2461, #1841, #279 ) ;
#276 = EDGE_CURVE ( 'NONE', #948, #376, #395, .T. ) ;
#277 = DIRECTION ( 'NONE',  ( -1.000000000000000000, -0.0000000000000000000, -0.0000000000000000000 ) ) ;
#278 = DIRECTION ( 'NONE',  ( 0.0000000000000000000, 0.0000000000000000000, -1.000000000000000000 ) ) ;
#279 = DIRECTION ( 'NONE',  ( 0.0000000000000000000, 0.0000000000000000000, -1.000000000000000000 ) ) ;
#280 = VERTEX_POINT ( 'NONE', #272 ) ;
#281 = ORIENTED_EDGE ( 'NONE', *, *, #2277, .T. ) ;
#282 = ORIENTED_EDGE ( 'NONE', *, *, #394, .T. ) ;
#283 = DIRECTION ( 'NONE',  ( -1.000000000000000000, -0.0000000000000000000, 0.0000000000000000000 ) ) ;
#284 = EDGE_CURVE ( 'NONE', #1120, #64, #271, .T. ) ;
#285 = EDGE_LOOP ( 'NONE', ( #58, #2221, #1532, #1413 ) ) ;
#286 = CARTESIAN_POINT ( 'NONE',  ( -38.10000000000000100, -5.000000000000000000, 1.752599999999999900 ) ) ;
#287 = VERTEX_POINT ( 'NONE', #87 ) ;
#288 = VECTOR ( 'NONE', #164, 1000.000000000000000 ) ;
#289 = LINE ( 'NONE', #1273, #2373 ) ;
#290 = VERTEX_POINT ( 'NONE', #814 ) ;
#291 = CIRCLE ( 'NONE', #2240, 0.2539999999999998900 ) ;
#292 = VECTOR ( 'NONE', #463, 1000.000000000000000 ) ;
#293 = FACE_BOUND ( 'NONE', #243, .T. ) ;
#294 = FACE_OUTER_BOUND ( 'NONE', #997, .T. ) ;
#295 = CARTESIAN_POINT ( 'NONE',  ( 38.10000000000000100, 4.618999999999999800, -4.618999999999999800 ) ) ;
#296 = DIRECTION ( 'NONE',  ( 1.000000000000000000, 0.0000000000000000000, 0.0000000000000000000 ) ) ;
#297 = AXIS2_PLACEMENT_3D ( 'NONE', #2517, #1672, #492 ) ;
#298 = CARTESIAN_POINT ( 'NONE',  ( 38.10000000000000100, -1.498600000000002800, 4.279900000000005800 ) ) ;
#299 = AXIS2_PLACEMENT_3D ( 'NONE', #2446, #425, #1229 ) ;
#300 = ORIENTED_EDGE ( 'NONE', *, *, #2003, .T. ) ;
#301 = DIRECTION ( 'NONE',  ( -0.0000000000000000000, 0.0000000000000000000, -1.000000000000000000 ) ) ;
#302 = EDGE_CURVE ( 'NONE', #2409, #782, #1935, .T. ) ;
#303 = ORIENTED_EDGE ( 'NONE', *, *, #2076, .T. ) ;
#304 = DIRECTION ( 'NONE',  ( 0.0000000000000000000, 0.0000000000000000000, -1.000000000000000000 ) ) ;
#305 = EDGE_CURVE ( 'NONE', #2406, #1333, #2350, .T. ) ;
#306 = ORIENTED_EDGE ( 'NONE', *, *, #892, .T. ) ;
#307 = DIRECTION ( 'NONE',  ( -1.000000000000000000, -0.0000000000000000000, -0.0000000000000000000 ) ) ;
#308 = VERTEX_POINT ( 'NONE', #2097 ) ;
#309 = AXIS2_PLACEMENT_3D ( 'NONE', #1190, #159, #1590 ) ;
#310 = ORIENTED_EDGE ( 'NONE', *, *, #2200, .T. ) ;
#311 = CARTESIAN_POINT ( 'NONE',  ( -38.10000000000000100, -2.759770219085476000, 3.479939372016725800 ) ) ;
#312 = AXIS2_PLACEMENT_3D ( 'NONE', #2317, #1303, #2141 ) ;
#313 = EDGE_CURVE ( 'NONE', #1420, #1450, #1007, .T. ) ;
#314 = EDGE_LOOP ( 'NONE', ( #1443, #61, #466, #1982 ) ) ;
#315 = LOCAL_TIME ( 8, 26, 27.00000000000000000, #166 ) ;
#316 = LINE ( 'NONE', #825, #1859 ) ;
#317 = ORIENTED_EDGE ( 'NONE', *, *, #1114, .F. ) ;
#318 = CYLINDRICAL_SURFACE ( 'NONE', #2359, 0.3091431985817226800 ) ;
#319 = VECTOR ( 'NONE', #460, 1000.000000000000100 ) ;
#320 = VECTOR ( 'NONE', #47, 1000.000000000000000 ) ;
#321 = CARTESIAN_POINT ( 'NONE',  ( -38.10000000000000100, -4.618999999999999800, 4.618999999999999800 ) ) ;
#322 = ORIENTED_EDGE ( 'NONE', *, *, #1661, .F. ) ;
#323 = ORIENTED_EDGE ( 'NONE', *, *, #2528, .F. ) ;
#324 = LINE ( 'NONE', #2274, #2514 ) ;
#325 = LINE ( 'NONE', #753, #424 ) ;
#326 = DIRECTION ( 'NONE',  ( 0.0000000000000000000, 0.0000000000000000000, -1.000000000000000000 ) ) ;
#327 = PLANE ( 'NONE',  #656 ) ;
#328 = CARTESIAN_POINT ( 'NONE',  ( 38.10000000000000100, -1.089867613356766400, -2.078724711447783100 ) ) ;
#329 = EDGE_CURVE ( 'NONE', #1834, #2363, #147, .T. ) ;
#330 = CARTESIAN_POINT ( 'NONE',  ( 38.10000000000000100, -4.025900000000000000, -2.561056801418277300 ) ) ;
#331 = VERTEX_POINT ( 'NONE', #1884 ) ;
#332 = APPLICATION_PROTOCOL_DEFINITION ( 'international standard', 'config_control_design', 1994, #2562 ) ;
#333 = CARTESIAN_POINT ( 'NONE',  ( 38.10000000000000100, 5.000000000000000000, 1.752599999999999900 ) ) ;
#334 = EDGE_CURVE ( 'NONE', #433, #1909, #324, .T. ) ;
#335 = VERTEX_POINT ( 'NONE', #2499 ) ;
#336 = ORIENTED_EDGE ( 'NONE', *, *, #349, .F. ) ;
#337 = CARTESIAN_POINT ( 'NONE',  ( 38.10000000000000100, 4.025900000000000000, 2.561056801418277300 ) ) ;
#338 = AXIS2_PLACEMENT_3D ( 'NONE', #2080, #2273, #86 ) ;
#339 =( LENGTH_UNIT ( ) NAMED_UNIT ( * ) SI_UNIT ( .MILLI., .METRE. ) );
#340 = CARTESIAN_POINT ( 'NONE',  ( 38.10000000000000100, -4.746000000000000400, -1.498599999999999900 ) ) ;
#341 = ORIENTED_EDGE ( 'NONE', *, *, #652, .F. ) ;
#342 = DIRECTION ( 'NONE',  ( 0.0000000000000000000, 0.0000000000000000000, 1.000000000000000000 ) ) ;
#343 = ORIENTED_EDGE ( 'NONE', *, *, #1055, .F. ) ;
#344 = VERTEX_POINT ( 'NONE', #1678 ) ;
#345 = DATE_AND_TIME ( #839, #1212 ) ;
#346 = AXIS2_PLACEMENT_3D ( 'NONE', #295, #522, #713 ) ;
#347 = VECTOR ( 'NONE', #764, 1000.000000000000000 ) ;
#348 = FACE_OUTER_BOUND ( 'NONE', #1907, .T. ) ;
#349 = EDGE_CURVE ( 'NONE', #2348, #331, #2380, .T. ) ;
#350 = ORIENTED_EDGE ( 'NONE', *, *, #2332, .T. ) ;
#351 = CARTESIAN_POINT ( 'NONE',  ( -38.10000000000000100, 2.078724711447780500, 1.089867613356766200 ) ) ;
#352 = VERTEX_POINT ( 'NONE', #1260 ) ;
#353 = DIRECTION ( 'NONE',  ( 0.0000000000000000000, 0.0000000000000000000, 1.000000000000000000 ) ) ;
#354 = ORIENTED_EDGE ( 'NONE', *, *, #2617, .F. ) ;
#355 = VECTOR ( 'NONE', #2424, 1000.000000000000000 ) ;
#356 = DIRECTION ( 'NONE',  ( 1.000000000000000000, 0.0000000000000000000, 0.0000000000000000000 ) ) ;
#357 = VECTOR ( 'NONE', #2357, 1000.000000000000100 ) ;
#358 = ADVANCED_FACE ( 'NONE', ( #293, #790 ), #2071, .F. ) ;
#359 = CYLINDRICAL_SURFACE ( 'NONE', #1044, 0.2539999999999998900 ) ;
#360 = DIRECTION ( 'NONE',  ( 1.000000000000000000, 0.0000000000000000000, -0.0000000000000000000 ) ) ;
#361 = DIRECTION ( 'NONE',  ( 0.0000000000000000000, 0.0000000000000000000, 1.000000000000000000 ) ) ;
#362 = AXIS2_PLACEMENT_3D ( 'NONE', #1436, #1523, #545 ) ;
#363 = CARTESIAN_POINT ( 'NONE',  ( 38.10000000000000100, 4.746000000000000400, 1.498599999999999900 ) ) ;
#364 = CARTESIAN_POINT ( 'NONE',  ( -38.10000000000000100, -4.279900000000001400, 1.498600000000000200 ) ) ;
#365 = ORIENTED_EDGE ( 'NONE', *, *, #284, .T. ) ;
#366 = CARTESIAN_POINT ( 'NONE',  ( 38.10000000000000100, 0.9265995604963851400, 2.273300000000003000 ) ) ;
#367 = AXIS2_PLACEMENT_3D ( 'NONE', #1244, #2556, #1964 ) ;
#368 = VERTEX_POINT ( 'NONE', #1684 ) ;
#369 = DIRECTION ( 'NONE',  ( -1.000000000000000000, -0.0000000000000000000, -0.0000000000000000000 ) ) ;
#370 = ADVANCED_FACE ( 'NONE', ( #727 ), #1781, .F. ) ;
#371 = ORIENTED_EDGE ( 'NONE', *, *, #846, .F. ) ;
#372 = EDGE_LOOP ( 'NONE', ( #1599, #1118, #1720, #562 ) ) ;
#373 = ADVANCED_FACE ( 'NONE', ( #607 ), #1040, .F. ) ;
#374 = CARTESIAN_POINT ( 'NONE',  ( 38.10000000000000100, -4.025900000000000000, 2.561056801418277300 ) ) ;
#375 = DIRECTION ( 'NONE',  ( 0.0000000000000000000, 0.0000000000000000000, -1.000000000000000000 ) ) ;
#376 = VERTEX_POINT ( 'NONE', #1821 ) ;
#377 = CARTESIAN_POINT ( 'NONE',  ( -38.10000000000000100, 1.752600000000000400, -4.746000000000000400 ) ) ;
#378 = AXIS2_PLACEMENT_3D ( 'NONE', #2183, #181, #360 ) ;
#379 = APPROVAL_STATUS ( 'not_yet_approved' ) ;
#380 = DIRECTION ( 'NONE',  ( -1.000000000000000000, -0.0000000000000000000, -0.0000000000000000000 ) ) ;
#381 = ORIENTED_EDGE ( 'NONE', *, *, #1539, .T. ) ;
#382 = CALENDAR_DATE ( 2025, 6, 1 ) ;
#383 = CYLINDRICAL_SURFACE ( 'NONE', #346, 0.3810000000000002800 ) ;
#384 = ADVANCED_FACE ( 'NONE', ( #1836 ), #1587, .F. ) ;
#385 = ORIENTED_EDGE ( 'NONE', *, *, #1817, .T. ) ;
#386 = LINE ( 'NONE', #773, #2217 ) ;
#387 = FACE_OUTER_BOUND ( 'NONE', #1000, .T. ) ;
#388 = LINE ( 'NONE', #2094, #1671 ) ;
#389 = LINE ( 'NONE', #1323, #1255 ) ;
#390 = CARTESIAN_POINT ( 'NONE',  ( -38.10000000000000100, -2.078724711447780500, -1.089867613356766200 ) ) ;
#391 = VERTEX_POINT ( 'NONE', #982 ) ;
#392 = LINE ( 'NONE', #248, #2029 ) ;
#393 = DIRECTION ( 'NONE',  ( 0.0000000000000000000, 0.0000000000000000000, 1.000000000000000000 ) ) ;
#394 = EDGE_CURVE ( 'NONE', #830, #893, #1131, .T. ) ;
#395 = LINE ( 'NONE', #432, #1617 ) ;
#396 = DIRECTION ( 'NONE',  ( 0.0000000000000000000, 5.582675850601247100E-015, -1.000000000000000000 ) ) ;
#397 = DIRECTION ( 'NONE',  ( 0.0000000000000000000, 5.582675850601247100E-015, -1.000000000000000000 ) ) ;
#398 = CARTESIAN_POINT ( 'NONE',  ( 38.10000000000000100, 2.078724711447780500, 1.089867613356766200 ) ) ;
#399 = ADVANCED_FACE ( 'NONE', ( #815 ), #606, .F. ) ;
#400 = CARTESIAN_POINT ( 'NONE',  ( 38.10000000000000100, -0.9265995604963851400, -2.273300000000003000 ) ) ;
#401 = CARTESIAN_POINT ( 'NONE',  ( 38.10000000000000100, 4.279900000000001400, -1.498600000000000200 ) ) ;
#402 = PLANE ( 'NONE',  #1695 ) ;
#403 = VERTEX_POINT ( 'NONE', #1370 ) ;
#404 = ORIENTED_EDGE ( 'NONE', *, *, #865, .F. ) ;
#405 = AXIS2_PLACEMENT_3D ( 'NONE', #2548, #1302, #126 ) ;
#406 = EDGE_CURVE ( 'NONE', #2335, #2041, #1249, .T. ) ;
#407 = EDGE_LOOP ( 'NONE', ( #626, #664, #718, #646 ) ) ;
#408 = CARTESIAN_POINT ( 'NONE',  ( 38.10000000000000100, -2.019299999999999900, -0.9265995604963832600 ) ) ;
#409 = CARTESIAN_POINT ( 'NONE',  ( 38.10000000000000100, -0.9265995604963832600, -2.019300000000003000 ) ) ;
#410 = AXIS2_PLACEMENT_3D ( 'NONE', #983, #568, #1843 ) ;
#411 = CARTESIAN_POINT ( 'NONE',  ( -38.10000000000000100, -2.561056801418280400, -4.025900000000004500 ) ) ;
#412 = ORIENTED_EDGE ( 'NONE', *, *, #1724, .F. ) ;
#413 = CARTESIAN_POINT ( 'NONE',  ( -38.10000000000000100, -4.746000000000000400, -1.498599999999999900 ) ) ;
#414 = DIRECTION ( 'NONE',  ( 0.0000000000000000000, 0.0000000000000000000, -1.000000000000000000 ) ) ;
#415 = VERTEX_POINT ( 'NONE', #974 ) ;
#416 = VECTOR ( 'NONE', #1116, 1000.000000000000000 ) ;
#417 = LINE ( 'NONE', #2070, #686 ) ;
#418 = ORIENTED_EDGE ( 'NONE', *, *, #1411, .F. ) ;
#419 = ORIENTED_EDGE ( 'NONE', *, *, #2311, .F. ) ;
#420 = CIRCLE ( 'NONE', #481, 0.2539999999999998900 ) ;
#421 = EDGE_CURVE ( 'NONE', #2506, #495, #2086, .T. ) ;
#422 = CIRCLE ( 'NONE', #312, 0.2539999999999998900 ) ;
#423 = DIRECTION ( 'NONE',  ( 0.0000000000000000000, 0.0000000000000000000, -1.000000000000000000 ) ) ;
#424 = VECTOR ( 'NONE', #2382, 1000.000000000000000 ) ;
#425 = DIRECTION ( 'NONE',  ( -1.000000000000000000, -0.0000000000000000000, 0.0000000000000000000 ) ) ;
#426 = CARTESIAN_POINT ( 'NONE',  ( 38.10000000000000100, 4.279899999999999600, 1.752599999999999900 ) ) ;
#427 = ORIENTED_EDGE ( 'NONE', *, *, #1800, .T. ) ;
#428 = CARTESIAN_POINT ( 'NONE',  ( 38.10000000000000100, -2.078724711447780500, 1.089867613356766200 ) ) ;
#429 = CARTESIAN_POINT ( 'NONE',  ( 38.10000000000000100, 0.9265995604963851400, 2.273300000000003000 ) ) ;
#430 = ORIENTED_EDGE ( 'NONE', *, *, #1939, .F. ) ;
#431 = AXIS2_PLACEMENT_3D ( 'NONE', #895, #1117, #2110 ) ;
#432 = CARTESIAN_POINT ( 'NONE',  ( -38.10000000000000100, -1.498600000000002800, 4.279900000000005800 ) ) ;
#433 = VERTEX_POINT ( 'NONE', #409 ) ;
#434 = DIRECTION ( 'NONE',  ( 0.0000000000000000000, 0.0000000000000000000, 1.000000000000000000 ) ) ;
#435 = ORIENTED_EDGE ( 'NONE', *, *, #1113, .T. ) ;
#436 = EDGE_LOOP ( 'NONE', ( #918, #503, #555, #1419 ) ) ;
#437 = AXIS2_PLACEMENT_3D ( 'NONE', #60, #1828, #651 ) ;
#438 = EDGE_CURVE ( 'NONE', #1630, #663, #201, .T. ) ;
#439 = ORIENTED_EDGE ( 'NONE', *, *, #1603, .T. ) ;
#440 = EDGE_CURVE ( 'NONE', #433, #2337, #632, .T. ) ;
#441 = ORIENTED_EDGE ( 'NONE', *, *, #212, .T. ) ;
#442 = ORIENTED_EDGE ( 'NONE', *, *, #1903, .T. ) ;
#443 = DIRECTION ( 'NONE',  ( 0.0000000000000000000, 0.0000000000000000000, 1.000000000000000000 ) ) ;
#444 = CYLINDRICAL_SURFACE ( 'NONE', #1931, 0.2539999999999998900 ) ;
#445 = CC_DESIGN_APPROVAL ( #1155, ( #2338 ) ) ;
#446 = CYLINDRICAL_SURFACE ( 'NONE', #2023, 0.3810000000000002800 ) ;
#447 = VERTEX_POINT ( 'NONE', #2616 ) ;
#448 = LINE ( 'NONE', #1547, #2279 ) ;
#449 = DIRECTION ( 'NONE',  ( -1.000000000000000000, 0.0000000000000000000, -0.0000000000000000000 ) ) ;
#450 = FACE_OUTER_BOUND ( 'NONE', #436, .T. ) ;
#451 = VECTOR ( 'NONE', #2511, 1000.000000000000000 ) ;
#452 = DIRECTION ( 'NONE',  ( 0.0000000000000000000, 0.0000000000000000000, 1.000000000000000000 ) ) ;
#453 = VERTEX_POINT ( 'NONE', #2017 ) ;
#454 = ORIENTED_EDGE ( 'NONE', *, *, #1262, .F. ) ;
#455 = CIRCLE ( 'NONE', #14, 0.2539999999999998900 ) ;
#456 = VECTOR ( 'NONE', #1045, 1000.000000000000000 ) ;
#457 = EDGE_CURVE ( 'NONE', #1976, #1584, #173, .T. ) ;
#458 = EDGE_CURVE ( 'NONE', #1063, #867, #263, .T. ) ;
#459 = DIRECTION ( 'NONE',  ( 0.0000000000000000000, 0.0000000000000000000, -1.000000000000000000 ) ) ;
#460 = DIRECTION ( 'NONE',  ( 0.0000000000000000000, 0.7660444431189772400, -0.6427876096865401400 ) ) ;
#461 = CARTESIAN_POINT ( 'NONE',  ( 38.10000000000000100, -2.273299999999999900, 0.9265995604963841400 ) ) ;
#462 = CARTESIAN_POINT ( 'NONE',  ( -38.10000000000000100, -1.752600000000000400, 4.746000000000000400 ) ) ;
#463 = DIRECTION ( 'NONE',  ( 0.0000000000000000000, 0.0000000000000000000, 1.000000000000000000 ) ) ;
#464 = ORIENTED_EDGE ( 'NONE', *, *, #2523, .F. ) ;
#465 = CARTESIAN_POINT ( 'NONE',  ( 38.10000000000000100, 3.479939372016722700, 2.759770219085474300 ) ) ;
#466 = ORIENTED_EDGE ( 'NONE', *, *, #1921, .F. ) ;
#467 = CARTESIAN_POINT ( 'NONE',  ( -38.10000000000000100, -2.019299999999999900, -0.9265995604963832600 ) ) ;
#468 = DIRECTION ( 'NONE',  ( -1.000000000000000000, -0.0000000000000000000, 0.0000000000000000000 ) ) ;
#469 = ORIENTED_EDGE ( 'NONE', *, *, #2091, .T. ) ;
#470 = EDGE_CURVE ( 'NONE', #2233, #2049, #538, .T. ) ;
#471 = CARTESIAN_POINT ( 'NONE',  ( 38.10000000000000100, -1.089867613356766400, 2.078724711447783100 ) ) ;
#472 = CARTESIAN_POINT ( 'NONE',  ( 38.10000000000000100, 4.618999999999999800, 5.000000000000000000 ) ) ;
#473 = DIRECTION ( 'NONE',  ( 0.0000000000000000000, 0.0000000000000000000, -1.000000000000000000 ) ) ;
#474 = DIRECTION ( 'NONE',  ( 0.0000000000000000000, 0.0000000000000000000, 1.000000000000000000 ) ) ;
#475 = ORIENTED_EDGE ( 'NONE', *, *, #2565, .T. ) ;
#476 = ORIENTED_EDGE ( 'NONE', *, *, #1842, .T. ) ;
#477 = PERSON_AND_ORGANIZATION ( #2227, #1636 ) ;
#478 = VECTOR ( 'NONE', #2116, 1000.000000000000000 ) ;
#479 = VECTOR ( 'NONE', #277, 1000.000000000000000 ) ;
#480 = CARTESIAN_POINT ( 'NONE',  ( 38.10000000000000100, -4.025900000000000000, -2.561056801418277300 ) ) ;
#481 = AXIS2_PLACEMENT_3D ( 'NONE', #377, #1593, #1158 ) ;
#482 = DIRECTION ( 'NONE',  ( 0.0000000000000000000, 1.000000000000000000, 0.0000000000000000000 ) ) ;
#483 = VERTEX_POINT ( 'NONE', #20 ) ;
#484 = FACE_OUTER_BOUND ( 'NONE', #2607, .T. ) ;
#485 = LINE ( 'NONE', #328, #357 ) ;
#486 = CARTESIAN_POINT ( 'NONE',  ( 38.10000000000000100, 5.000000000000000000, 1.752599999999999900 ) ) ;
#487 = DIRECTION ( 'NONE',  ( 1.000000000000000000, -0.0000000000000000000, 0.0000000000000000000 ) ) ;
#488 = CIRCLE ( 'NONE', #516, 0.3091431985817226800 ) ;
#489 = AXIS2_PLACEMENT_3D ( 'NONE', #2135, #301, #2330 ) ;
#490 = EDGE_CURVE ( 'NONE', #862, #1405, #1218, .T. ) ;
#491 = ORIENTED_EDGE ( 'NONE', *, *, #2066, .T. ) ;
#492 = DIRECTION ( 'NONE',  ( 0.0000000000000000000, 0.0000000000000000000, -1.000000000000000000 ) ) ;
#493 = DIRECTION ( 'NONE',  ( 0.0000000000000000000, 0.0000000000000000000, -1.000000000000000000 ) ) ;
#494 = ORIENTED_EDGE ( 'NONE', *, *, #1147, .T. ) ;
#495 = VERTEX_POINT ( 'NONE', #2440 ) ;
#496 = AXIS2_PLACEMENT_3D ( 'NONE', #2569, #2376, #2170 ) ;
#497 = CARTESIAN_POINT ( 'NONE',  ( 38.10000000000000100, 1.752600000000000400, -4.746000000000000400 ) ) ;
#498 = ORIENTED_EDGE ( 'NONE', *, *, #1983, .F. ) ;
#499 = ORIENTED_EDGE ( 'NONE', *, *, #649, .T. ) ;
#500 = DIRECTION ( 'NONE',  ( -1.000000000000000000, 0.0000000000000000000, -0.0000000000000000000 ) ) ;
#501 = AXIS2_PLACEMENT_3D ( 'NONE', #2260, #625, #25 ) ;
#502 = CARTESIAN_POINT ( 'NONE',  ( -38.10000000000000100, 2.273299999999999900, 0.9265995604963841400 ) ) ;
#503 = ORIENTED_EDGE ( 'NONE', *, *, #251, .F. ) ;
#504 = DIRECTION ( 'NONE',  ( 0.0000000000000000000, -5.582675850601247100E-015, -1.000000000000000000 ) ) ;
#505 = ORIENTED_EDGE ( 'NONE', *, *, #2128, .T. ) ;
#506 = VECTOR ( 'NONE', #1374, 1000.000000000000000 ) ;
#507 = CARTESIAN_POINT ( 'NONE',  ( -38.10000000000000100, -2.759770219085476000, -3.479939372016725800 ) ) ;
#508 = ORIENTED_EDGE ( 'NONE', *, *, #1135, .F. ) ;
#509 = VECTOR ( 'NONE', #2215, 1000.000000000000000 ) ;
#510 = CYLINDRICAL_SURFACE ( 'NONE', #557, 0.3810000000000002800 ) ;
#511 = ORIENTED_EDGE ( 'NONE', *, *, #394, .F. ) ;
#512 = EDGE_LOOP ( 'NONE', ( #226, #137, #281, #2174 ) ) ;
#513 = VECTOR ( 'NONE', #2081, 1000.000000000000000 ) ;
#514 = CARTESIAN_POINT ( 'NONE',  ( 38.10000000000000100, -1.752600000000001700, -4.025900000000004500 ) ) ;
#515 = LINE ( 'NONE', #716, #721 ) ;
#516 = AXIS2_PLACEMENT_3D ( 'NONE', #976, #580, #2397 ) ;
#517 = CARTESIAN_POINT ( 'NONE',  ( 38.10000000000000100, 2.273299999999999900, -0.9265995604963841400 ) ) ;
#518 = DIRECTION ( 'NONE',  ( -1.000000000000000000, -0.0000000000000000000, -0.0000000000000000000 ) ) ;
#519 = CARTESIAN_POINT ( 'NONE',  ( 38.10000000000000100, -1.752599999999999900, 5.000000000000000000 ) ) ;
#520 = CARTESIAN_POINT ( 'NONE',  ( 38.10000000000000100, -5.000000000000000000, -1.752599999999999900 ) ) ;
#521 = VERTEX_POINT ( 'NONE', #413 ) ;
#522 = DIRECTION ( 'NONE',  ( -1.000000000000000000, -0.0000000000000000000, -0.0000000000000000000 ) ) ;
#523 = EDGE_CURVE ( 'NONE', #585, #654, #1448, .T. ) ;
#524 = EDGE_LOOP ( 'NONE', ( #2019, #1990, #2592, #102 ) ) ;
#525 = DIRECTION ( 'NONE',  ( 1.000000000000000000, 0.0000000000000000000, -0.0000000000000000000 ) ) ;
#526 = DIRECTION ( 'NONE',  ( -1.000000000000000000, -0.0000000000000000000, -0.0000000000000000000 ) ) ;
#527 = ORIENTED_EDGE ( 'NONE', *, *, #251, .T. ) ;
#528 = CARTESIAN_POINT ( 'NONE',  ( 38.10000000000000100, 4.279900000000001400, 1.498599999999999900 ) ) ;
#529 = ORIENTED_EDGE ( 'NONE', *, *, #2249, .F. ) ;
#530 = CARTESIAN_POINT ( 'NONE',  ( 38.10000000000000100, 5.000000000000000000, 1.752599999999999900 ) ) ;
#531 = DIRECTION ( 'NONE',  ( 0.0000000000000000000, 0.0000000000000000000, -1.000000000000000000 ) ) ;
#532 = DIRECTION ( 'NONE',  ( 0.0000000000000000000, 0.0000000000000000000, 1.000000000000000000 ) ) ;
#533 = EDGE_CURVE ( 'NONE', #796, #1038, #2280, .T. ) ;
#534 = VERTEX_POINT ( 'NONE', #1745 ) ;
#535 = DIRECTION ( 'NONE',  ( 0.0000000000000000000, 0.0000000000000000000, 1.000000000000000000 ) ) ;
#536 = ORIENTED_EDGE ( 'NONE', *, *, #1027, .F. ) ;
#537 = FACE_OUTER_BOUND ( 'NONE', #285, .T. ) ;
#538 = LINE ( 'NONE', #1792, #1705 ) ;
#539 = FACE_OUTER_BOUND ( 'NONE', #1798, .T. ) ;
#540 = DIRECTION ( 'NONE',  ( 1.000000000000000000, 0.0000000000000000000, -0.0000000000000000000 ) ) ;
#541 = DIRECTION ( 'NONE',  ( 0.0000000000000000000, 0.0000000000000000000, -1.000000000000000000 ) ) ;
#542 = EDGE_LOOP ( 'NONE', ( #2214, #737, #2241, #2512 ) ) ;
#543 = LINE ( 'NONE', #781, #355 ) ;
#544 = FACE_OUTER_BOUND ( 'NONE', #1947, .T. ) ;
#545 = DIRECTION ( 'NONE',  ( 0.0000000000000000000, 0.0000000000000000000, -1.000000000000000000 ) ) ;
#546 = AXIS2_PLACEMENT_3D ( 'NONE', #917, #2351, #1325 ) ;
#547 = VECTOR ( 'NONE', #136, 1000.000000000000000 ) ;
#548 = CARTESIAN_POINT ( 'NONE',  ( 38.10000000000000100, -3.716756801418277200, -2.561056801418277300 ) ) ;
#549 = DIRECTION ( 'NONE',  ( -1.000000000000000000, -0.0000000000000000000, 0.0000000000000000000 ) ) ;
#550 = CARTESIAN_POINT ( 'NONE',  ( 38.10000000000000100, 1.089867613356766400, 2.078724711447783100 ) ) ;
#551 = ORIENTED_EDGE ( 'NONE', *, *, #860, .F. ) ;
#552 = ADVANCED_FACE ( 'NONE', ( #2414 ), #1458, .F. ) ;
#553 = DIRECTION ( 'NONE',  ( 0.0000000000000000000, 0.0000000000000000000, -1.000000000000000000 ) ) ;
#554 = DIRECTION ( 'NONE',  ( 0.0000000000000000000, 0.0000000000000000000, 1.000000000000000000 ) ) ;
#555 = ORIENTED_EDGE ( 'NONE', *, *, #669, .F. ) ;
#556 = ORIENTED_EDGE ( 'NONE', *, *, #2434, .T. ) ;
#557 = AXIS2_PLACEMENT_3D ( 'NONE', #1057, #1485, #1264 ) ;
#558 = CARTESIAN_POINT ( 'NONE',  ( 38.10000000000000100, 1.752600000000001700, 4.279900000000003100 ) ) ;
#559 = ADVANCED_FACE ( 'NONE', ( #756 ), #1162, .F. ) ;
#560 = ORIENTED_EDGE ( 'NONE', *, *, #2013, .F. ) ;
#561 = DIRECTION ( 'NONE',  ( 0.0000000000000000000, 0.0000000000000000000, 1.000000000000000000 ) ) ;
#562 = ORIENTED_EDGE ( 'NONE', *, *, #2385, .T. ) ;
#563 = APPROVAL_DATE_TIME ( #2507, #1134 ) ;
#564 = AXIS2_PLACEMENT_3D ( 'NONE', #1280, #1059, #1466 ) ;
#565 = VECTOR ( 'NONE', #2583, 1000.000000000000000 ) ;
#566 = VECTOR ( 'NONE', #868, 1000.000000000000000 ) ;
#567 = EDGE_CURVE ( 'NONE', #1173, #521, #1188, .T. ) ;
#568 = DIRECTION ( 'NONE',  ( -1.000000000000000000, 0.0000000000000000000, 0.0000000000000000000 ) ) ;
#569 = VERTEX_POINT ( 'NONE', #1288 ) ;
#570 = CIRCLE ( 'NONE', #2458, 0.3091431985817226800 ) ;
#571 = CIRCLE ( 'NONE', #2615, 0.2539999999999998900 ) ;
#572 = LINE ( 'NONE', #480, #451 ) ;
#573 = EDGE_CURVE ( 'NONE', #1830, #2021, #1862, .T. ) ;
#574 = ORIENTED_EDGE ( 'NONE', *, *, #1866, .F. ) ;
#575 = LINE ( 'NONE', #1398, #209 ) ;
#576 = DIRECTION ( 'NONE',  ( 1.000000000000000000, 0.0000000000000000000, -0.0000000000000000000 ) ) ;
#577 = AXIS2_PLACEMENT_3D ( 'NONE', #1629, #414, #26 ) ;
#578 = ADVANCED_FACE ( 'NONE', ( #1801 ), #660, .T. ) ;
#579 = DIRECTION ( 'NONE',  ( -0.0000000000000000000, 0.0000000000000000000, -1.000000000000000000 ) ) ;
#580 = DIRECTION ( 'NONE',  ( 1.000000000000000000, -0.0000000000000000000, 0.0000000000000000000 ) ) ;
#581 = APPROVAL_ROLE ( '' ) ;
#582 = DIRECTION ( 'NONE',  ( 0.0000000000000000000, -5.582675850601247100E-015, 1.000000000000000000 ) ) ;
#583 = EDGE_LOOP ( 'NONE', ( #79, #1942, #1725, #116, #1191, #17, #2346, #155, #1849, #2150, #454, #2323, #1796, #2012, #2554, #1700, #529, #152, #1888, #1883, #442, #1014, #1664, #186, #787, #1184, #1407, #1895, #1898, #161, #73, #1301, #1950, #2132, #1959, #1856, #2164, #404, #921, #336, #1363, #1307, #1294, #935, #2245, #807, #1726, #621, #1379, #1667, #1129, #2112, #1819, #2611, #614, #1072, #902, #1529, #866, #300, #2465, #350, #1646, #1694, #2362, #2360, #1252, #2571, #2269, #2396, #1498, #1574 ) ) ;
#584 = EDGE_CURVE ( 'NONE', #2102, #1275, #1034, .T. ) ;
#585 = VERTEX_POINT ( 'NONE', #465 ) ;
#586 = EDGE_CURVE ( 'NONE', #2041, #2497, #720, .T. ) ;
#587 = DIRECTION ( 'NONE',  ( 0.0000000000000000000, -0.7660444431189771300, 0.6427876096865404700 ) ) ;
#588 = ORIENTED_EDGE ( 'NONE', *, *, #631, .F. ) ;
#589 = DIRECTION ( 'NONE',  ( -1.000000000000000000, -0.0000000000000000000, -0.0000000000000000000 ) ) ;
#590 = DATE_TIME_ROLE ( 'classification_date' ) ;
#591 = ORIENTED_EDGE ( 'NONE', *, *, #1686, .T. ) ;
#592 = ADVANCED_FACE ( 'NONE', ( #2312 ), #141, .T. ) ;
#593 = DIRECTION ( 'NONE',  ( 0.0000000000000000000, 0.6427876096865404700, 0.7660444431189771300 ) ) ;
#594 = ADVANCED_FACE ( 'NONE', ( #784 ), #2284, .F. ) ;
#595 = DIRECTION ( 'NONE',  ( -1.000000000000000000, -0.0000000000000000000, 0.0000000000000000000 ) ) ;
#596 = CARTESIAN_POINT ( 'NONE',  ( 38.10000000000000100, 4.746000000000000400, -1.498599999999999900 ) ) ;
#597 = ORIENTED_EDGE ( 'NONE', *, *, #2558, .T. ) ;
#598 = EDGE_CURVE ( 'NONE', #495, #1389, #15, .T. ) ;
#599 = VERTEX_POINT ( 'NONE', #869 ) ;
#600 = LINE ( 'NONE', #732, #842 ) ;
#601 = VECTOR ( 'NONE', #211, 1000.000000000000000 ) ;
#602 = LINE ( 'NONE', #2042, #1545 ) ;
#603 = ORIENTED_EDGE ( 'NONE', *, *, #1239, .T. ) ;
#604 = VERTEX_POINT ( 'NONE', #472 ) ;
#605 = VECTOR ( 'NONE', #816, 1000.000000000000000 ) ;
#606 = PLANE ( 'NONE',  #176 ) ;
#607 = FACE_OUTER_BOUND ( 'NONE', #1703, .T. ) ;
#608 = VECTOR ( 'NONE', #1533, 1000.000000000000000 ) ;
#609 = ADVANCED_FACE ( 'NONE', ( #1098 ), #110, .T. ) ;
#610 = CARTESIAN_POINT ( 'NONE',  ( -38.10000000000000100, -1.752599999999999900, 5.000000000000000000 ) ) ;
#611 = ORIENTED_EDGE ( 'NONE', *, *, #1578, .T. ) ;
#612 = DIRECTION ( 'NONE',  ( -1.000000000000000000, -0.0000000000000000000, 0.0000000000000000000 ) ) ;
#613 = AXIS2_PLACEMENT_3D ( 'NONE', #1765, #2374, #762 ) ;
#614 = ORIENTED_EDGE ( 'NONE', *, *, #1563, .T. ) ;
#615 = ORIENTED_EDGE ( 'NONE', *, *, #302, .T. ) ;
#616 = CARTESIAN_POINT ( 'NONE',  ( -38.10000000000000100, -2.019299999999999900, -3.654958372055276700E-016 ) ) ;
#617 = AXIS2_PLACEMENT_3D ( 'NONE', #1268, #487, #858 ) ;
#618 = EDGE_CURVE ( 'NONE', #1598, #1202, #1643, .T. ) ;
#619 = EDGE_LOOP ( 'NONE', ( #2144, #2039, #183, #2282, #1142, #50, #930, #588, #644, #2445, #2264, #144, #430, #145, #1737, #1296, #2082, #2451, #2072, #1783, #2493, #1748, #2453, #1026, #772, #2568, #1560, #365, #1558, #2138, #1571, #966, #812, #1246, #1787, #198, #40, #196, #1514, #1659, #967, #232, #1848, #2222, #1351, #341, #898, #2500, #1908, #841, #412, #122, #2051, #2527, #2236, #2268, #505, #475, #476, #1860, #12, #2234, #1930, #1972, #1494, #724, #1708, #1502, #556, #1793, #1138, #937 ) ) ;
#620 = CARTESIAN_POINT ( 'NONE',  ( 38.10000000000000100, 2.019299999999999900, 0.9265995604963832600 ) ) ;
#621 = ORIENTED_EDGE ( 'NONE', *, *, #1437, .F. ) ;
#622 = DIRECTION ( 'NONE',  ( 0.0000000000000000000, 0.6427876096865404700, 0.7660444431189770100 ) ) ;
#623 = DIRECTION ( 'NONE',  ( -1.000000000000000000, 0.0000000000000000000, 0.0000000000000000000 ) ) ;
#624 = ORIENTED_EDGE ( 'NONE', *, *, #1113, .F. ) ;
#625 = DIRECTION ( 'NONE',  ( 1.000000000000000000, 0.0000000000000000000, -0.0000000000000000000 ) ) ;
#626 = ORIENTED_EDGE ( 'NONE', *, *, #1456, .T. ) ;
#627 = APPROVAL_DATE_TIME ( #1444, #1155 ) ;
#628 = CIRCLE ( 'NONE', #2099, 0.2539999999999997800 ) ;
#629 = VECTOR ( 'NONE', #890, 1000.000000000000000 ) ;
#630 = VECTOR ( 'NONE', #2550, 1000.000000000000000 ) ;
#631 = EDGE_CURVE ( 'NONE', #287, #2505, #1386, .T. ) ;
#632 = CIRCLE ( 'NONE', #1618, 0.2539999999999998900 ) ;
#633 = VECTOR ( 'NONE', #749, 1000.000000000000000 ) ;
#634 = CARTESIAN_POINT ( 'NONE',  ( -38.10000000000000100, 2.078724711447780500, -1.089867613356766200 ) ) ;
#635 = CARTESIAN_POINT ( 'NONE',  ( 38.10000000000000100, 1.752600000000001700, -4.279900000000003100 ) ) ;
#636 = VECTOR ( 'NONE', #2333, 1000.000000000000100 ) ;
#637 = CARTESIAN_POINT ( 'NONE',  ( 38.10000000000000100, 4.025900000000000000, -2.561056801418277300 ) ) ;
#638 = VERTEX_POINT ( 'NONE', #2083 ) ;
#639 = CARTESIAN_POINT ( 'NONE',  ( -38.10000000000000100, -2.078724711447780500, -1.089867613356766200 ) ) ;
#640 = PLANE ( 'NONE',  #2158 ) ;
#641 = ORIENTED_EDGE ( 'NONE', *, *, #1877, .F. ) ;
#642 = AXIS2_PLACEMENT_3D ( 'NONE', #2232, #540, #1322 ) ;
#643 = CARTESIAN_POINT ( 'NONE',  ( -38.10000000000000100, 2.561056801418280000, -3.716756801418281200 ) ) ;
#644 = ORIENTED_EDGE ( 'NONE', *, *, #1409, .F. ) ;
#645 = CARTESIAN_POINT ( 'NONE',  ( -38.10000000000000100, 0.9265995604963851400, 2.273300000000003000 ) ) ;
#646 = ORIENTED_EDGE ( 'NONE', *, *, #1055, .T. ) ;
#647 = ORIENTED_EDGE ( 'NONE', *, *, #2462, .T. ) ;
#648 = DIRECTION ( 'NONE',  ( 1.000000000000000000, 0.0000000000000000000, -0.0000000000000000000 ) ) ;
#649 = EDGE_CURVE ( 'NONE', #1311, #1063, #1611, .T. ) ;
#650 = DIRECTION ( 'NONE',  ( 0.0000000000000000000, 1.000000000000000000, 0.0000000000000000000 ) ) ;
#651 = DIRECTION ( 'NONE',  ( 0.0000000000000000000, 0.0000000000000000000, 1.000000000000000000 ) ) ;
#652 = EDGE_CURVE ( 'NONE', #1028, #707, #2218, .T. ) ;
#653 = DIRECTION ( 'NONE',  ( -1.000000000000000000, 0.0000000000000000000, 0.0000000000000000000 ) ) ;
#654 = VERTEX_POINT ( 'NONE', #2117 ) ;
#655 = ORIENTED_EDGE ( 'NONE', *, *, #1291, .F. ) ;
#656 = AXIS2_PLACEMENT_3D ( 'NONE', #112, #694, #916 ) ;
#657 = CARTESIAN_POINT ( 'NONE',  ( 38.10000000000000100, 4.025900000000000000, 2.561056801418277300 ) ) ;
#658 = LINE ( 'NONE', #1153, #139 ) ;
#659 = DIRECTION ( 'NONE',  ( 0.0000000000000000000, 0.0000000000000000000, 1.000000000000000000 ) ) ;
#660 = CYLINDRICAL_SURFACE ( 'NONE', #2329, 0.3810000000000002800 ) ;
#661 = LINE ( 'NONE', #639, #1002 ) ;
#662 = CARTESIAN_POINT ( 'NONE',  ( 38.10000000000000100, -2.561056801418280400, -4.025900000000004500 ) ) ;
#663 = VERTEX_POINT ( 'NONE', #1317 ) ;
#664 = ORIENTED_EDGE ( 'NONE', *, *, #2462, .F. ) ;
#665 = FACE_OUTER_BOUND ( 'NONE', #1177, .T. ) ;
#666 = VECTOR ( 'NONE', #52, 1000.000000000000100 ) ;
#667 = AXIS2_PLACEMENT_3D ( 'NONE', #2459, #648, #1433 ) ;
#668 = LINE ( 'NONE', #701, #608 ) ;
#669 = EDGE_CURVE ( 'NONE', #2009, #31, #904, .T. ) ;
#670 = CARTESIAN_POINT ( 'NONE',  ( -38.10000000000000100, 4.618999999999999800, -5.000000000000000000 ) ) ;
#671 = CARTESIAN_POINT ( 'NONE',  ( 38.10000000000000100, -4.279899999999999600, -1.752599999999999900 ) ) ;
#672 = CARTESIAN_POINT ( 'NONE',  ( 38.10000000000000100, 1.752599999999999900, 5.000000000000000000 ) ) ;
#673 = EDGE_LOOP ( 'NONE', ( #2437, #1022, #1969, #439 ) ) ;
#674 = CARTESIAN_POINT ( 'NONE',  ( 38.10000000000000100, 4.279899999999999600, -1.752599999999999900 ) ) ;
#675 = DIRECTION ( 'NONE',  ( 0.0000000000000000000, -0.6427876096865402500, -0.7660444431189772400 ) ) ;
#676 = ORIENTED_EDGE ( 'NONE', *, *, #942, .F. ) ;
#677 = CARTESIAN_POINT ( 'NONE',  ( 38.10000000000000100, 1.752600000000001700, -4.025900000000004500 ) ) ;
#678 = ORIENTED_EDGE ( 'NONE', *, *, #2106, .T. ) ;
#679 = EDGE_CURVE ( 'NONE', #1976, #280, #1124, .T. ) ;
#680 = DIRECTION ( 'NONE',  ( 0.0000000000000000000, -0.6427876096865404700, -0.7660444431189770100 ) ) ;
#681 = ORIENTED_EDGE ( 'NONE', *, *, #1106, .F. ) ;
#682 = ORIENTED_EDGE ( 'NONE', *, *, #222, .T. ) ;
#683 = DATE_AND_TIME ( #2572, #2477 ) ;
#684 = VECTOR ( 'NONE', #582, 1000.000000000000000 ) ;
#685 = CARTESIAN_POINT ( 'NONE',  ( 38.10000000000000100, -2.273299999999999900, 0.9265995604963841400 ) ) ;
#686 = VECTOR ( 'NONE', #852, 1000.000000000000000 ) ;
#687 = CARTESIAN_POINT ( 'NONE',  ( 38.10000000000000100, 0.9265995604963832600, -2.019300000000003000 ) ) ;
#688 = AXIS2_PLACEMENT_3D ( 'NONE', #1775, #356, #1756 ) ;
#689 = DIRECTION ( 'NONE',  ( 0.0000000000000000000, 0.0000000000000000000, 1.000000000000000000 ) ) ;
#690 = ORIENTED_EDGE ( 'NONE', *, *, #2063, .F. ) ;
#691 = VECTOR ( 'NONE', #923, 1000.000000000000000 ) ;
#692 = VECTOR ( 'NONE', #1473, 1000.000000000000000 ) ;
#693 = LINE ( 'NONE', #29, #1250 ) ;
#694 = DIRECTION ( 'NONE',  ( 0.0000000000000000000, 0.7660444431189771300, -0.6427876096865404700 ) ) ;
#695 = FACE_OUTER_BOUND ( 'NONE', #1481, .T. ) ;
#696 = AXIS2_PLACEMENT_3D ( 'NONE', #70, #2108, #96 ) ;
#697 = EDGE_CURVE ( 'NONE', #2392, #972, #2253, .T. ) ;
#698 = CARTESIAN_POINT ( 'NONE',  ( -38.10000000000000100, -2.561056801418280400, -4.025900000000004500 ) ) ;
#699 = DIRECTION ( 'NONE',  ( -1.000000000000000000, -0.0000000000000000000, -0.0000000000000000000 ) ) ;
#700 = EDGE_CURVE ( 'NONE', #2184, #335, #2186, .T. ) ;
#701 = CARTESIAN_POINT ( 'NONE',  ( 38.10000000000000100, -3.479939372016722700, -2.759770219085474300 ) ) ;
#702 = EDGE_LOOP ( 'NONE', ( #1240, #1377, #1115, #306 ) ) ;
#703 = ORIENTED_EDGE ( 'NONE', *, *, #1198, .T. ) ;
#704 = ADVANCED_FACE ( 'NONE', ( #1283 ), #2057, .T. ) ;
#705 = AXIS2_PLACEMENT_3D ( 'NONE', #2032, #1210, #2243 ) ;
#706 = DIRECTION ( 'NONE',  ( 0.0000000000000000000, 0.7660444431189772400, -0.6427876096865401400 ) ) ;
#707 = VERTEX_POINT ( 'NONE', #2553 ) ;
#708 = DIRECTION ( 'NONE',  ( 0.0000000000000000000, 0.0000000000000000000, -1.000000000000000000 ) ) ;
#709 = ORIENTED_EDGE ( 'NONE', *, *, #2582, .T. ) ;
#710 = CARTESIAN_POINT ( 'NONE',  ( -38.10000000000000100, 0.9265995604963851400, -2.273300000000003000 ) ) ;
#711 = EDGE_CURVE ( 'NONE', #1048, #1654, #1510, .T. ) ;
#712 = EDGE_CURVE ( 'NONE', #663, #1420, #571, .T. ) ;
#713 = DIRECTION ( 'NONE',  ( 0.0000000000000000000, 0.0000000000000000000, 1.000000000000000000 ) ) ;
#714 = ORIENTED_EDGE ( 'NONE', *, *, #334, .T. ) ;
#715 = CARTESIAN_POINT ( 'NONE',  ( 38.10000000000000100, 4.746000000000000400, 1.752599999999999900 ) ) ;
#716 = CARTESIAN_POINT ( 'NONE',  ( -38.10000000000000100, -5.000000000000000000, -1.752599999999999900 ) ) ;
#717 = VERTEX_POINT ( 'NONE', #118 ) ;
#718 = ORIENTED_EDGE ( 'NONE', *, *, #584, .F. ) ;
#719 = VECTOR ( 'NONE', #2624, 1000.000000000000000 ) ;
#720 = LINE ( 'NONE', #107, #1731 ) ;
#721 = VECTOR ( 'NONE', #2557, 1000.000000000000000 ) ;
#722 = EDGE_LOOP ( 'NONE', ( #2198, #560, #1186, #89 ) ) ;
#723 = CARTESIAN_POINT ( 'NONE',  ( -38.10000000000000100, -4.746000000000000400, 1.752599999999999900 ) ) ;
#724 = ORIENTED_EDGE ( 'NONE', *, *, #1231, .T. ) ;
#725 = CIRCLE ( 'NONE', #1335, 0.2539999999999998900 ) ;
#726 = DIRECTION ( 'NONE',  ( 1.000000000000000000, 0.0000000000000000000, -0.0000000000000000000 ) ) ;
#727 = FACE_OUTER_BOUND ( 'NONE', #2085, .T. ) ;
#728 = LINE ( 'NONE', #747, #1102 ) ;
#729 = CARTESIAN_POINT ( 'NONE',  ( -38.10000000000000100, 2.019299999999999900, -0.9265995604963832600 ) ) ;
#730 = CARTESIAN_POINT ( 'NONE',  ( 38.10000000000000100, -4.279899999999999600, -1.752599999999999900 ) ) ;
#731 = EDGE_CURVE ( 'NONE', #770, #2418, #1928, .T. ) ;
#732 = CARTESIAN_POINT ( 'NONE',  ( 38.10000000000000100, 1.089867613356766400, -2.078724711447783100 ) ) ;
#733 = PERSON_AND_ORGANIZATION_ROLE ( 'design_owner' ) ;
#734 = ORIENTED_EDGE ( 'NONE', *, *, #129, .F. ) ;
#735 = EDGE_CURVE ( 'NONE', #2009, #1758, #1579, .T. ) ;
#736 = DIRECTION ( 'NONE',  ( 0.0000000000000000000, 0.0000000000000000000, 1.000000000000000000 ) ) ;
#737 = ORIENTED_EDGE ( 'NONE', *, *, #1167, .F. ) ;
#738 = ORIENTED_EDGE ( 'NONE', *, *, #2297, .F. ) ;
#739 = CC_DESIGN_PERSON_AND_ORGANIZATION_ASSIGNMENT ( #2371, #2010, ( #1707 ) ) ;
#740 = DIRECTION ( 'NONE',  ( 0.0000000000000000000, 0.0000000000000000000, 1.000000000000000000 ) ) ;
#741 = CARTESIAN_POINT ( 'NONE',  ( 38.10000000000000100, -4.618999999999999800, -5.000000000000000000 ) ) ;
#742 = VERTEX_POINT ( 'NONE', #1242 ) ;
#743 = CARTESIAN_POINT ( 'NONE',  ( 38.10000000000000100, -2.759770219085476000, 3.479939372016725800 ) ) ;
#744 = AXIS2_PLACEMENT_3D ( 'NONE', #774, #1193, #1586 ) ;
#745 = EDGE_CURVE ( 'NONE', #1063, #585, #2120, .T. ) ;
#746 = ORIENTED_EDGE ( 'NONE', *, *, #143, .T. ) ;
#747 = CARTESIAN_POINT ( 'NONE',  ( 38.10000000000000100, -5.000000000000000000, -1.752599999999999900 ) ) ;
#748 = DIRECTION ( 'NONE',  ( -1.000000000000000000, 0.0000000000000000000, -0.0000000000000000000 ) ) ;
#749 = DIRECTION ( 'NONE',  ( -1.000000000000000000, 0.0000000000000000000, -0.0000000000000000000 ) ) ;
#750 = VERTEX_POINT ( 'NONE', #49 ) ;
#751 = VECTOR ( 'NONE', #2597, 1000.000000000000000 ) ;
#752 = LINE ( 'NONE', #2495, #479 ) ;
#753 = CARTESIAN_POINT ( 'NONE',  ( 38.10000000000000100, -1.084202172485504400E-016, 1.257299999999998500 ) ) ;
#754 = ORIENTED_EDGE ( 'NONE', *, *, #1526, .F. ) ;
#755 = LINE ( 'NONE', #528, #630 ) ;
#756 = FACE_OUTER_BOUND ( 'NONE', #1459, .T. ) ;
#757 = LINE ( 'NONE', #616, #785 ) ;
#758 = CARTESIAN_POINT ( 'NONE',  ( 38.10000000000000100, 1.752599999999999900, -5.000000000000000000 ) ) ;
#759 = AXIS2_PLACEMENT_3D ( 'NONE', #1501, #307, #114 ) ;
#760 = ADVANCED_FACE ( 'NONE', ( #450 ), #640, .F. ) ;
#761 = LINE ( 'NONE', #1136, #2093 ) ;
#762 = DIRECTION ( 'NONE',  ( 0.0000000000000000000, 0.0000000000000000000, -1.000000000000000000 ) ) ;
#763 = DIRECTION ( 'NONE',  ( 1.000000000000000000, 0.0000000000000000000, -0.0000000000000000000 ) ) ;
#764 = DIRECTION ( 'NONE',  ( -0.0000000000000000000, -1.000000000000000000, 0.0000000000000000000 ) ) ;
#765 = AXIS2_PLACEMENT_3D ( 'NONE', #1204, #2045, #1854 ) ;
#766 = ORIENTED_EDGE ( 'NONE', *, *, #54, .T. ) ;
#767 = DIRECTION ( 'NONE',  ( -1.000000000000000000, 0.0000000000000000000, -0.0000000000000000000 ) ) ;
#768 = ORIENTED_EDGE ( 'NONE', *, *, #618, .F. ) ;
#769 = ADVANCED_FACE ( 'NONE', ( #1768 ), #2464, .F. ) ;
#770 = VERTEX_POINT ( 'NONE', #1221 ) ;
#771 = DIRECTION ( 'NONE',  ( -1.000000000000000000, -0.0000000000000000000, 0.0000000000000000000 ) ) ;
#772 = ORIENTED_EDGE ( 'NONE', *, *, #573, .T. ) ;
#773 = CARTESIAN_POINT ( 'NONE',  ( -38.10000000000000100, 2.561056801418280400, 4.025900000000004500 ) ) ;
#774 = CARTESIAN_POINT ( 'NONE',  ( 38.10000000000000100, -1.498600000000002800, 4.279900000000005800 ) ) ;
#775 = AXIS2_PLACEMENT_3D ( 'NONE', #1871, #855, #2283 ) ;
#776 = ORIENTED_EDGE ( 'NONE', *, *, #523, .T. ) ;
#777 = ORIENTED_EDGE ( 'NONE', *, *, #1567, .F. ) ;
#778 = LINE ( 'NONE', #1602, #2247 ) ;
#779 = ADVANCED_FACE ( 'NONE', ( #387 ), #2115, .T. ) ;
#780 = EDGE_CURVE ( 'NONE', #1344, #1336, #2541, .T. ) ;
#781 = CARTESIAN_POINT ( 'NONE',  ( -38.10000000000000100, 1.752599999999999900, 5.000000000000000000 ) ) ;
#782 = VERTEX_POINT ( 'NONE', #1647 ) ;
#783 = CARTESIAN_POINT ( 'NONE',  ( -38.10000000000000100, -1.498600000000002800, -4.279900000000005800 ) ) ;
#784 = FACE_OUTER_BOUND ( 'NONE', #512, .T. ) ;
#785 = VECTOR ( 'NONE', #443, 1000.000000000000000 ) ;
#786 = EDGE_CURVE ( 'NONE', #862, #2262, #2482, .T. ) ;
#787 = ORIENTED_EDGE ( 'NONE', *, *, #925, .T. ) ;
#788 = ORIENTED_EDGE ( 'NONE', *, *, #2385, .F. ) ;
#789 = FACE_OUTER_BOUND ( 'NONE', #2325, .T. ) ;
#790 = FACE_OUTER_BOUND ( 'NONE', #583, .T. ) ;
#791 = FACE_OUTER_BOUND ( 'NONE', #799, .T. ) ;
#792 = AXIS2_PLACEMENT_3D ( 'NONE', #461, #1259, #1081 ) ;
#793 = DIRECTION ( 'NONE',  ( 0.0000000000000000000, 0.0000000000000000000, 1.000000000000000000 ) ) ;
#794 = DIRECTION ( 'NONE',  ( -1.000000000000000000, 0.0000000000000000000, -0.0000000000000000000 ) ) ;
#795 = ADVANCED_FACE ( 'NONE', ( #844 ), #873, .F. ) ;
#796 = VERTEX_POINT ( 'NONE', #30 ) ;
#797 = EDGE_CURVE ( 'NONE', #1909, #2118, #1504, .T. ) ;
#798 = ORIENTED_EDGE ( 'NONE', *, *, #1408, .T. ) ;
#799 = EDGE_LOOP ( 'NONE', ( #682, #508, #768, #678 ) ) ;
#800 = AXIS2_PLACEMENT_3D ( 'NONE', #1645, #2484, #2275 ) ;
#801 = ORIENTED_EDGE ( 'NONE', *, *, #470, .F. ) ;
#802 = DIRECTION ( 'NONE',  ( 1.000000000000000000, 0.0000000000000000000, -0.0000000000000000000 ) ) ;
#803 = DIRECTION ( 'NONE',  ( 1.000000000000000000, 0.0000000000000000000, -0.0000000000000000000 ) ) ;
#804 = VERTEX_POINT ( 'NONE', #1030 ) ;
#805 = ADVANCED_FACE ( 'NONE', ( #2602 ), #1025, .F. ) ;
#806 = EDGE_CURVE ( 'NONE', #1909, #46, #2573, .T. ) ;
#807 = ORIENTED_EDGE ( 'NONE', *, *, #731, .F. ) ;
#808 = DIRECTION ( 'NONE',  ( -1.000000000000000000, -0.0000000000000000000, -0.0000000000000000000 ) ) ;
#809 = FACE_OUTER_BOUND ( 'NONE', #673, .T. ) ;
#810 = VECTOR ( 'NONE', #1287, 1000.000000000000000 ) ;
#811 = VERTEX_POINT ( 'NONE', #268 ) ;
#812 = ORIENTED_EDGE ( 'NONE', *, *, #1887, .T. ) ;
#813 = CIRCLE ( 'NONE', #2586, 0.2539999999999990000 ) ;
#814 = CARTESIAN_POINT ( 'NONE',  ( 38.10000000000000100, -4.025900000000000000, 1.752600000000001700 ) ) ;
#815 = FACE_OUTER_BOUND ( 'NONE', #2178, .T. ) ;
#816 = DIRECTION ( 'NONE',  ( -0.0000000000000000000, 0.0000000000000000000, -1.000000000000000000 ) ) ;
#817 = VECTOR ( 'NONE', #1537, 1000.000000000000000 ) ;
#818 = CARTESIAN_POINT ( 'NONE',  ( -38.10000000000000100, 2.078724711447780500, 1.089867613356766200 ) ) ;
#819 = DIRECTION ( 'NONE',  ( -0.0000000000000000000, -0.0000000000000000000, 1.000000000000000000 ) ) ;
#820 = AXIS2_PLACEMENT_3D ( 'NONE', #2533, #1295, #117 ) ;
#821 = CARTESIAN_POINT ( 'NONE',  ( 38.10000000000000100, 1.498600000000002800, -4.279900000000005800 ) ) ;
#822 = CLOSED_SHELL ( 'NONE', ( #7, #1967, #1763, #1364, #769, #2452, #160, #779, #760, #1011, #127, #989, #805, #204, #1995, #1588, #191, #2400, #168, #559, #2327, #358, #2419, #1146, #2006, #795, #994, #1597, #2199, #1164, #2603, #1376, #1358, #2180, #2167, #609, #399, #1169, #1626, #384, #1912, #1299, #1777, #1342, #219, #2230, #2591, #947, #194, #180, #978, #1583, #704, #594, #2622, #1770, #373, #2384, #1396, #2625, #552, #1979, #2404, #1175, #370, #1811, #1201, #578, #1568, #592, #911, #1185, #1791, #2210, #2189, #957 ) ) ;
#823 = ORIENTED_EDGE ( 'NONE', *, *, #1649, .T. ) ;
#824 = CARTESIAN_POINT ( 'NONE',  ( 38.10000000000000100, -4.279899999999999600, 1.752599999999999900 ) ) ;
#825 = CARTESIAN_POINT ( 'NONE',  ( 38.10000000000000100, -5.000000000000000000, 4.618999999999999800 ) ) ;
#826 = AXIS2_PLACEMENT_3D ( 'NONE', #856, #2504, #2496 ) ;
#827 = EDGE_CURVE ( 'NONE', #811, #1028, #316, .T. ) ;
#828 = ORIENTED_EDGE ( 'NONE', *, *, #2140, .T. ) ;
#829 = CARTESIAN_POINT ( 'NONE',  ( 38.10000000000000100, 4.279900000000001400, -1.498599999999999900 ) ) ;
#830 = VERTEX_POINT ( 'NONE', #57 ) ;
#831 = EDGE_CURVE ( 'NONE', #2049, #1685, #1415, .T. ) ;
#832 = CARTESIAN_POINT ( 'NONE',  ( -38.10000000000000100, 0.9265995604963832600, -2.019300000000003000 ) ) ;
#833 = CARTESIAN_POINT ( 'NONE',  ( 38.10000000000000100, 1.752599999999999900, 5.000000000000000000 ) ) ;
#834 = AXIS2_PLACEMENT_3D ( 'NONE', #1561, #2417, #1356 ) ;
#835 = CARTESIAN_POINT ( 'NONE',  ( -38.10000000000000100, -0.9265995604963851400, -2.273300000000003000 ) ) ;
#836 = ORIENTED_EDGE ( 'NONE', *, *, #1851, .T. ) ;
#837 = CARTESIAN_POINT ( 'NONE',  ( -38.10000000000000100, 5.000000000000000000, 4.618999999999999800 ) ) ;
#838 = EDGE_LOOP ( 'NONE', ( #2054, #1049, #690, #1576 ) ) ;
#839 = CALENDAR_DATE ( 2025, 6, 1 ) ;
#840 = LINE ( 'NONE', #333, #1832 ) ;
#841 = ORIENTED_EDGE ( 'NONE', *, *, #276, .F. ) ;
#842 = VECTOR ( 'NONE', #1334, 1000.000000000000000 ) ;
#843 = EDGE_CURVE ( 'NONE', #1654, #2377, #1797, .T. ) ;
#844 = FACE_OUTER_BOUND ( 'NONE', #2545, .T. ) ;
#845 = CYLINDRICAL_SURFACE ( 'NONE', #1774, 0.2539999999999998900 ) ;
#846 = EDGE_CURVE ( 'NONE', #368, #1488, #1094, .T. ) ;
#847 = ORIENTED_EDGE ( 'NONE', *, *, #993, .F. ) ;
#848 = DIRECTION ( 'NONE',  ( 0.0000000000000000000, 0.0000000000000000000, -1.000000000000000000 ) ) ;
#849 = ORIENTED_EDGE ( 'NONE', *, *, #979, .T. ) ;
#850 = LINE ( 'NONE', #1137, #2421 ) ;
#851 = FACE_OUTER_BOUND ( 'NONE', #11, .T. ) ;
#852 = DIRECTION ( 'NONE',  ( -0.0000000000000000000, -0.0000000000000000000, -1.000000000000000000 ) ) ;
#853 = DIRECTION ( 'NONE',  ( -1.000000000000000000, -0.0000000000000000000, 0.0000000000000000000 ) ) ;
#854 = DIRECTION ( 'NONE',  ( -1.000000000000000000, 0.0000000000000000000, -0.0000000000000000000 ) ) ;
#855 = DIRECTION ( 'NONE',  ( -1.000000000000000000, -0.0000000000000000000, -0.0000000000000000000 ) ) ;
#856 = CARTESIAN_POINT ( 'NONE',  ( -38.10000000000000100, -1.752600000000001700, -4.279900000000003100 ) ) ;
#857 = CARTESIAN_POINT ( 'NONE',  ( 38.10000000000000100, 4.279899999999999600, -1.752599999999999900 ) ) ;
#858 = DIRECTION ( 'NONE',  ( 0.0000000000000000000, 0.0000000000000000000, -1.000000000000000000 ) ) ;
#859 = ORIENTED_EDGE ( 'NONE', *, *, #2354, .F. ) ;
#860 = EDGE_CURVE ( 'NONE', #2521, #1542, #778, .T. ) ;
#861 = EDGE_LOOP ( 'NONE', ( #2627, #323, #156, #1604 ) ) ;
#862 = VERTEX_POINT ( 'NONE', #2425 ) ;
#863 = CARTESIAN_POINT ( 'NONE',  ( 38.10000000000000100, 1.089867613356766400, 2.078724711447783100 ) ) ;
#864 = CARTESIAN_POINT ( 'NONE',  ( 38.10000000000000100, -4.746000000000000400, 1.752599999999999900 ) ) ;
#865 = EDGE_CURVE ( 'NONE', #804, #2521, #1924, .T. ) ;
#866 = ORIENTED_EDGE ( 'NONE', *, *, #457, .T. ) ;
#867 = VERTEX_POINT ( 'NONE', #200 ) ;
#868 = DIRECTION ( 'NONE',  ( -1.000000000000000000, 0.0000000000000000000, 0.0000000000000000000 ) ) ;
#869 = CARTESIAN_POINT ( 'NONE',  ( 38.10000000000000100, 5.000000000000000000, -1.752599999999999900 ) ) ;
#870 = CARTESIAN_POINT ( 'NONE',  ( 38.10000000000000100, 4.279900000000001400, 1.498600000000000200 ) ) ;
#871 = ORIENTED_EDGE ( 'NONE', *, *, #2265, .F. ) ;
#872 = APPROVAL_PERSON_ORGANIZATION ( #1543, #1134, #581 ) ;
#873 = CYLINDRICAL_SURFACE ( 'NONE', #140, 0.3091431985817226800 ) ;
#874 = VECTOR ( 'NONE', #2498, 1000.000000000000100 ) ;
#875 = VERTEX_POINT ( 'NONE', #1786 ) ;
#876 = ORIENTED_EDGE ( 'NONE', *, *, #1840, .T. ) ;
#877 = EDGE_LOOP ( 'NONE', ( #2298, #28, #2100, #2089 ) ) ;
#878 = CYLINDRICAL_SURFACE ( 'NONE', #132, 1.257300000000000300 ) ;
#879 = CIRCLE ( 'NONE', #1938, 0.3810000000000002800 ) ;
#880 = AXIS2_PLACEMENT_3D ( 'NONE', #2619, #380, #1183 ) ;
#881 = FACE_OUTER_BOUND ( 'NONE', #205, .T. ) ;
#882 = EDGE_CURVE ( 'NONE', #1940, #1203, #2411, .T. ) ;
#883 = PLANE ( 'NONE',  #367 ) ;
#884 = CC_DESIGN_PERSON_AND_ORGANIZATION_ASSIGNMENT ( #2536, #733, ( #2014 ) ) ;
#885 = ORIENTED_EDGE ( 'NONE', *, *, #1270, .F. ) ;
#886 = DIRECTION ( 'NONE',  ( 0.0000000000000000000, 5.582675850601248700E-015, -1.000000000000000000 ) ) ;
#887 = CARTESIAN_POINT ( 'NONE',  ( -38.10000000000000100, 1.089867613356766400, -2.078724711447783100 ) ) ;
#888 = DIRECTION ( 'NONE',  ( -1.000000000000000000, 0.0000000000000000000, 0.0000000000000000000 ) ) ;
#889 = VERTEX_POINT ( 'NONE', #992 ) ;
#890 = DIRECTION ( 'NONE',  ( -1.000000000000000000, 0.0000000000000000000, -0.0000000000000000000 ) ) ;
#891 = VERTEX_POINT ( 'NONE', #1400 ) ;
#892 = EDGE_CURVE ( 'NONE', #2337, #46, #2339, .T. ) ;
#893 = VERTEX_POINT ( 'NONE', #2432 ) ;
#894 = CARTESIAN_POINT ( 'NONE',  ( 38.10000000000000100, 3.716756801418277200, -2.561056801418277300 ) ) ;
#895 = CARTESIAN_POINT ( 'NONE',  ( 38.10000000000000100, -1.752600000000001700, -4.279900000000003100 ) ) ;
#896 = ORIENTED_EDGE ( 'NONE', *, *, #458, .F. ) ;
#897 = CARTESIAN_POINT ( 'NONE',  ( 38.10000000000000100, -2.019299999999999900, -3.654958372055276700E-016 ) ) ;
#898 = ORIENTED_EDGE ( 'NONE', *, *, #90, .F. ) ;
#899 = VECTOR ( 'NONE', #193, 1000.000000000000000 ) ;
#900 = CARTESIAN_POINT ( 'NONE',  ( 38.10000000000000100, 2.019299999999999900, -0.9265995604963832600 ) ) ;
#901 = AXIS2_PLACEMENT_3D ( 'NONE', #2575, #1331, #1772 ) ;
#902 = ORIENTED_EDGE ( 'NONE', *, *, #993, .T. ) ;
#903 = LINE ( 'NONE', #971, #1187 ) ;
#904 = LINE ( 'NONE', #1520, #1067 ) ;
#905 = CIRCLE ( 'NONE', #775, 0.3810000000000002800 ) ;
#906 = CARTESIAN_POINT ( 'NONE',  ( -38.10000000000000100, -1.089867613356766400, 2.078724711447783100 ) ) ;
#907 = EDGE_LOOP ( 'NONE', ( #2211, #536, #1513, #441 ) ) ;
#908 = VERTEX_POINT ( 'NONE', #596 ) ;
#909 = VECTOR ( 'NONE', #2235, 1000.000000000000000 ) ;
#910 = LINE ( 'NONE', #39, #666 ) ;
#911 = ADVANCED_FACE ( 'NONE', ( #965 ), #402, .F. ) ;
#912 = CARTESIAN_POINT ( 'NONE',  ( -38.10000000000000100, 2.273299999999999900, -0.9265995604963841400 ) ) ;
#913 = EDGE_CURVE ( 'NONE', #2021, #308, #2024, .T. ) ;
#914 = DIRECTION ( 'NONE',  ( -1.000000000000000000, -0.0000000000000000000, -0.0000000000000000000 ) ) ;
#915 = EDGE_CURVE ( 'NONE', #344, #638, #1305, .T. ) ;
#916 = DIRECTION ( 'NONE',  ( 0.0000000000000000000, -0.6427876096865404700, -0.7660444431189771300 ) ) ;
#917 = CARTESIAN_POINT ( 'NONE',  ( 38.10000000000000100, 1.752600000000000400, -4.746000000000000400 ) ) ;
#918 = ORIENTED_EDGE ( 'NONE', *, *, #1918, .T. ) ;
#919 = DIRECTION ( 'NONE',  ( 1.000000000000000000, 0.0000000000000000000, 0.0000000000000000000 ) ) ;
#920 = ORIENTED_EDGE ( 'NONE', *, *, #1114, .T. ) ;
#921 = ORIENTED_EDGE ( 'NONE', *, *, #1238, .F. ) ;
#922 = DIRECTION ( 'NONE',  ( -1.000000000000000000, -0.0000000000000000000, -0.0000000000000000000 ) ) ;
#923 = DIRECTION ( 'NONE',  ( -1.000000000000000000, -0.0000000000000000000, 0.0000000000000000000 ) ) ;
#924 = AXIS2_PLACEMENT_3D ( 'NONE', #1121, #1696, #886 ) ;
#925 = EDGE_CURVE ( 'NONE', #1685, #1598, #933, .T. ) ;
#926 = APPLICATION_PROTOCOL_DEFINITION ( 'international standard', 'config_control_design', 1994, #2152 ) ;
#927 = CARTESIAN_POINT ( 'NONE',  ( 38.10000000000000100, -4.279900000000001400, 1.498600000000000200 ) ) ;
#928 = PLANE ( 'NONE',  #1605 ) ;
#929 = EDGE_LOOP ( 'NONE', ( #1018, #1614, #2216, #2303 ) ) ;
#930 = ORIENTED_EDGE ( 'NONE', *, *, #55, .F. ) ;
#931 = APPROVAL_PERSON_ORGANIZATION ( #259, #1845, #1 ) ;
#932 = AXIS2_PLACEMENT_3D ( 'NONE', #1760, #2614, #1805 ) ;
#933 = LINE ( 'NONE', #977, #899 ) ;
#934 = LINE ( 'NONE', #1486, #1764 ) ;
#935 = ORIENTED_EDGE ( 'NONE', *, *, #2109, .F. ) ;
#936 = DIRECTION ( 'NONE',  ( 0.0000000000000000000, 0.0000000000000000000, 1.000000000000000000 ) ) ;
#937 = ORIENTED_EDGE ( 'NONE', *, *, #1873, .T. ) ;
#938 = LINE ( 'NONE', #192, #1073 ) ;
#939 = CARTESIAN_POINT ( 'NONE',  ( 38.10000000000000100, 5.000000000000000000, -1.752599999999999900 ) ) ;
#940 = VECTOR ( 'NONE', #1889, 1000.000000000000000 ) ;
#941 = LINE ( 'NONE', #1171, #2226 ) ;
#942 = EDGE_CURVE ( 'NONE', #1038, #1830, #2478, .T. ) ;
#943 = CARTESIAN_POINT ( 'NONE',  ( 38.10000000000000100, -1.084202172485504400E-016, 1.257299999999998500 ) ) ;
#944 = DIRECTION ( 'NONE',  ( 0.0000000000000000000, 0.0000000000000000000, 1.000000000000000000 ) ) ;
#945 = DIRECTION ( 'NONE',  ( -1.000000000000000000, 0.0000000000000000000, -0.0000000000000000000 ) ) ;
#946 = VERTEX_POINT ( 'NONE', #2340 ) ;
#947 = ADVANCED_FACE ( 'NONE', ( #1243 ), #1519, .F. ) ;
#948 = VERTEX_POINT ( 'NONE', #1904 ) ;
#949 = DIRECTION ( 'NONE',  ( -1.000000000000000000, -0.0000000000000000000, -0.0000000000000000000 ) ) ;
#950 = EDGE_LOOP ( 'NONE', ( #1500, #1462, #641, #2309 ) ) ;
#951 = CARTESIAN_POINT ( 'NONE',  ( -38.10000000000000100, 4.555462480824628100E-017, -1.257300000000002100 ) ) ;
#952 = CARTESIAN_POINT ( 'NONE',  ( 38.10000000000000100, 4.279899999999999600, 1.752599999999999900 ) ) ;
#953 = CARTESIAN_POINT ( 'NONE',  ( 38.10000000000000100, -0.9265995604963851400, -2.273300000000003000 ) ) ;
#954 = EDGE_LOOP ( 'NONE', ( #2027, #2621, #1953, #1390 ) ) ;
#955 = DIRECTION ( 'NONE',  ( 0.0000000000000000000, 0.0000000000000000000, -1.000000000000000000 ) ) ;
#956 = AXIS2_PLACEMENT_3D ( 'NONE', #1872, #1497, #1265 ) ;
#957 = ADVANCED_FACE ( 'NONE', ( #103 ), #167, .F. ) ;
#958 = DIRECTION ( 'NONE',  ( 0.0000000000000000000, 0.0000000000000000000, 1.000000000000000000 ) ) ;
#959 = EDGE_CURVE ( 'NONE', #415, #1653, #1478, .T. ) ;
#960 = ORIENTED_EDGE ( 'NONE', *, *, #1596, .F. ) ;
#961 = CARTESIAN_POINT ( 'NONE',  ( 38.10000000000000100, -4.025900000000000000, 1.752600000000001700 ) ) ;
#962 = EDGE_CURVE ( 'NONE', #2535, #867, #1762, .T. ) ;
#963 = ORIENTED_EDGE ( 'NONE', *, *, #284, .F. ) ;
#964 = LOCAL_TIME ( 8, 26, 27.00000000000000000, #2052 ) ;
#965 = FACE_OUTER_BOUND ( 'NONE', #1698, .T. ) ;
#966 = ORIENTED_EDGE ( 'NONE', *, *, #1660, .T. ) ;
#967 = ORIENTED_EDGE ( 'NONE', *, *, #2431, .F. ) ;
#968 = FACE_OUTER_BOUND ( 'NONE', #1304, .T. ) ;
#969 = VECTOR ( 'NONE', #914, 1000.000000000000000 ) ;
#970 = LINE ( 'NONE', #1225, #1929 ) ;
#971 = CARTESIAN_POINT ( 'NONE',  ( 38.10000000000000100, 4.336808689942017700E-016, 2.019300000000002500 ) ) ;
#972 = VERTEX_POINT ( 'NONE', #900 ) ;
#973 = LINE ( 'NONE', #1359, #1585 ) ;
#974 = CARTESIAN_POINT ( 'NONE',  ( -38.10000000000000100, 2.078724711447780500, -1.089867613356766200 ) ) ;
#975 = CIRCLE ( 'NONE', #2540, 0.2539999999999997800 ) ;
#976 = CARTESIAN_POINT ( 'NONE',  ( -38.10000000000000100, 2.561056801418280000, 3.716756801418281200 ) ) ;
#977 = CARTESIAN_POINT ( 'NONE',  ( 38.10000000000000100, -1.498600000000002800, 4.279900000000005800 ) ) ;
#978 = ADVANCED_FACE ( 'NONE', ( #2537 ), #446, .T. ) ;
#979 = EDGE_CURVE ( 'NONE', #1944, #1693, #1701, .T. ) ;
#980 = EDGE_CURVE ( 'NONE', #2368, #534, #2508, .T. ) ;
#981 = CARTESIAN_POINT ( 'NONE',  ( 38.10000000000000100, 2.078724711447780500, 1.089867613356766200 ) ) ;
#982 = CARTESIAN_POINT ( 'NONE',  ( -38.10000000000000100, -4.746000000000000400, 1.498599999999999900 ) ) ;
#983 = CARTESIAN_POINT ( 'NONE',  ( 38.10000000000000100, -2.561056801418280000, 3.716756801418281200 ) ) ;
#984 = DIRECTION ( 'NONE',  ( 0.0000000000000000000, 0.0000000000000000000, -1.000000000000000000 ) ) ;
#985 = ORIENTED_EDGE ( 'NONE', *, *, #2265, .T. ) ;
#986 = ORIENTED_EDGE ( 'NONE', *, *, #1563, .F. ) ;
#987 = ORIENTED_EDGE ( 'NONE', *, *, #533, .T. ) ;
#988 = CARTESIAN_POINT ( 'NONE',  ( 38.10000000000000100, 4.555462480824628100E-017, -1.257300000000002100 ) ) ;
#989 = ADVANCED_FACE ( 'NONE', ( #260 ), #383, .T. ) ;
#990 = CARTESIAN_POINT ( 'NONE',  ( 38.10000000000000100, -2.561056801418280400, -4.025900000000004500 ) ) ;
#991 = PLANE ( 'NONE',  #577 ) ;
#992 = CARTESIAN_POINT ( 'NONE',  ( -38.10000000000000100, 2.561056801418280400, 4.025900000000004500 ) ) ;
#993 = EDGE_CURVE ( 'NONE', #2470, #1216, #1988, .T. ) ;
#994 = ADVANCED_FACE ( 'NONE', ( #1156 ), #1505, .F. ) ;
#995 = DIRECTION ( 'NONE',  ( -1.000000000000000000, -0.0000000000000000000, -0.0000000000000000000 ) ) ;
#996 = CARTESIAN_POINT ( 'NONE',  ( -38.10000000000000100, 4.025900000000000000, 1.752600000000001700 ) ) ;
#997 = EDGE_LOOP ( 'NONE', ( #2294, #1227, #97, #1084 ) ) ;
#998 = DIRECTION ( 'NONE',  ( 0.0000000000000000000, 1.000000000000000000, 0.0000000000000000000 ) ) ;
#999 = CARTESIAN_POINT ( 'NONE',  ( 38.10000000000000100, -3.479939372016722700, 2.759770219085474300 ) ) ;
#1000 = EDGE_LOOP ( 'NONE', ( #2559, #1867, #185, #385 ) ) ;
#1001 = LINE ( 'NONE', #961, #288 ) ;
#1002 = VECTOR ( 'NONE', #1824, 1000.000000000000100 ) ;
#1003 = ORIENTED_EDGE ( 'NONE', *, *, #1578, .F. ) ;
#1004 = ORIENTED_EDGE ( 'NONE', *, *, #2354, .T. ) ;
#1005 = DIRECTION ( 'NONE',  ( 0.0000000000000000000, 0.0000000000000000000, 1.000000000000000000 ) ) ;
#1006 = VECTOR ( 'NONE', #2473, 1000.000000000000000 ) ;
#1007 = LINE ( 'NONE', #672, #2287 ) ;
#1008 = DIRECTION ( 'NONE',  ( -1.000000000000000000, -0.0000000000000000000, 0.0000000000000000000 ) ) ;
#1009 = VECTOR ( 'NONE', #2001, 1000.000000000000000 ) ;
#1010 = AXIS2_PLACEMENT_3D ( 'NONE', #2463, #1015, #459 ) ;
#1011 = ADVANCED_FACE ( 'NONE', ( #1575 ), #1276, .T. ) ;
#1012 = DIRECTION ( 'NONE',  ( 0.0000000000000000000, -0.0000000000000000000, 1.000000000000000000 ) ) ;
#1013 = DIRECTION ( 'NONE',  ( -1.000000000000000000, -0.0000000000000000000, -0.0000000000000000000 ) ) ;
#1014 = ORIENTED_EDGE ( 'NONE', *, *, #129, .T. ) ;
#1015 = DIRECTION ( 'NONE',  ( 1.000000000000000000, 0.0000000000000000000, 0.0000000000000000000 ) ) ;
#1016 = DIRECTION ( 'NONE',  ( 0.0000000000000000000, -0.0000000000000000000, -1.000000000000000000 ) ) ;
#1017 = AXIS2_PLACEMENT_3D ( 'NONE', #715, #1530, #2534 ) ;
#1018 = ORIENTED_EDGE ( 'NONE', *, *, #1470, .T. ) ;
#1019 = EDGE_CURVE ( 'NONE', #1333, #742, #628, .T. ) ;
#1020 = DIRECTION ( 'NONE',  ( 0.0000000000000000000, 0.0000000000000000000, -1.000000000000000000 ) ) ;
#1021 = ORIENTED_EDGE ( 'NONE', *, *, #2213, .T. ) ;
#1022 = ORIENTED_EDGE ( 'NONE', *, *, #1681, .F. ) ;
#1023 = ORIENTED_EDGE ( 'NONE', *, *, #1973, .F. ) ;
#1024 = AXIS2_PLACEMENT_3D ( 'NONE', #1925, #2580, #2145 ) ;
#1025 = PLANE ( 'NONE',  #2443 ) ;
#1026 = ORIENTED_EDGE ( 'NONE', *, *, #2479, .T. ) ;
#1027 = EDGE_CURVE ( 'NONE', #875, #1345, #1954, .T. ) ;
#1028 = VERTEX_POINT ( 'NONE', #2552 ) ;
#1029 = CARTESIAN_POINT ( 'NONE',  ( 38.10000000000000100, 4.279900000000001400, -1.498600000000000200 ) ) ;
#1030 = CARTESIAN_POINT ( 'NONE',  ( 38.10000000000000100, -2.078724711447780500, -1.089867613356766200 ) ) ;
#1031 = VECTOR ( 'NONE', #2239, 1000.000000000000000 ) ;
#1032 = ORIENTED_EDGE ( 'NONE', *, *, #490, .T. ) ;
#1033 = LINE ( 'NONE', #1527, #1161 ) ;
#1034 = LINE ( 'NONE', #2526, #1993 ) ;
#1035 = CYLINDRICAL_SURFACE ( 'NONE', #2439, 0.2539999999999990000 ) ;
#1036 = DIRECTION ( 'NONE',  ( -1.000000000000000000, -0.0000000000000000000, -0.0000000000000000000 ) ) ;
#1037 = ORIENTED_EDGE ( 'NONE', *, *, #942, .T. ) ;
#1038 = VERTEX_POINT ( 'NONE', #2531 ) ;
#1039 = VECTOR ( 'NONE', #1036, 1000.000000000000000 ) ;
#1040 = CYLINDRICAL_SURFACE ( 'NONE', #36, 0.3091431985817226800 ) ;
#1041 = DIRECTION ( 'NONE',  ( 0.0000000000000000000, 0.0000000000000000000, -1.000000000000000000 ) ) ;
#1042 = CARTESIAN_POINT ( 'NONE',  ( 38.10000000000000100, 1.498600000000002800, -4.279900000000005800 ) ) ;
#1043 = ORIENTED_EDGE ( 'NONE', *, *, #567, .F. ) ;
#1044 = AXIS2_PLACEMENT_3D ( 'NONE', #2566, #153, #1754 ) ;
#1045 = DIRECTION ( 'NONE',  ( -1.000000000000000000, -0.0000000000000000000, -0.0000000000000000000 ) ) ;
#1046 = MANIFOLD_SOLID_BREP ( 'Mirror2', #822 ) ;
#1047 = CARTESIAN_POINT ( 'NONE',  ( -38.10000000000000100, -4.279900000000001400, 1.498599999999999900 ) ) ;
#1048 = VERTEX_POINT ( 'NONE', #1103 ) ;
#1049 = ORIENTED_EDGE ( 'NONE', *, *, #2286, .F. ) ;
#1050 = DIRECTION ( 'NONE',  ( 1.000000000000000000, 0.0000000000000000000, 0.0000000000000000000 ) ) ;
#1051 = DIRECTION ( 'NONE',  ( 0.0000000000000000000, 0.0000000000000000000, -1.000000000000000000 ) ) ;
#1052 = EDGE_CURVE ( 'NONE', #308, #1120, #2449, .T. ) ;
#1053 = ORIENTED_EDGE ( 'NONE', *, *, #780, .T. ) ;
#1054 = ORIENTED_EDGE ( 'NONE', *, *, #154, .T. ) ;
#1055 = EDGE_CURVE ( 'NONE', #2102, #27, #1341, .T. ) ;
#1056 = DIRECTION ( 'NONE',  ( 0.0000000000000000000, -0.6427876096865404700, 0.7660444431189771300 ) ) ;
#1057 = CARTESIAN_POINT ( 'NONE',  ( 38.10000000000000100, -4.618999999999999800, -4.618999999999999800 ) ) ;
#1058 = AXIS2_PLACEMENT_3D ( 'NONE', #2169, #1980, #553 ) ;
#1059 = DIRECTION ( 'NONE',  ( -1.000000000000000000, -0.0000000000000000000, -0.0000000000000000000 ) ) ;
#1060 = CARTESIAN_POINT ( 'NONE',  ( -38.10000000000000100, 4.746000000000000400, 1.498599999999999900 ) ) ;
#1061 = CARTESIAN_POINT ( 'NONE',  ( 38.10000000000000100, 2.078724711447780500, 1.089867613356766200 ) ) ;
#1062 = CARTESIAN_POINT ( 'NONE',  ( 38.10000000000000100, -4.618999999999999800, 5.000000000000000000 ) ) ;
#1063 = VERTEX_POINT ( 'NONE', #2589 ) ;
#1064 = ORIENTED_EDGE ( 'NONE', *, *, #1620, .T. ) ;
#1065 = LINE ( 'NONE', #2595, #719 ) ;
#1066 = AXIS2_PLACEMENT_3D ( 'NONE', #685, #1727, #1300 ) ;
#1067 = VECTOR ( 'NONE', #504, 1000.000000000000000 ) ;
#1068 = FACE_OUTER_BOUND ( 'NONE', #1111, .T. ) ;
#1069 = EDGE_CURVE ( 'NONE', #1488, #403, #41, .T. ) ;
#1070 = CARTESIAN_POINT ( 'NONE',  ( -38.10000000000000100, -3.479939372016722700, -2.759770219085474300 ) ) ;
#1071 = ORIENTED_EDGE ( 'NONE', *, *, #2172, .T. ) ;
#1072 = ORIENTED_EDGE ( 'NONE', *, *, #2063, .T. ) ;
#1073 = VECTOR ( 'NONE', #396, 1000.000000000000000 ) ;
#1074 = CIRCLE ( 'NONE', #23, 1.257300000000000300 ) ;
#1075 = CARTESIAN_POINT ( 'NONE',  ( 38.10000000000000100, -1.752599999999999900, -5.000000000000000000 ) ) ;
#1076 = CARTESIAN_POINT ( 'NONE',  ( 38.10000000000000100, -1.084202172485504400E-016, -1.626303258728256700E-015 ) ) ;
#1077 = CIRCLE ( 'NONE', #32, 0.2539999999999998900 ) ;
#1078 = AXIS2_PLACEMENT_3D ( 'NONE', #558, #1353, #163 ) ;
#1079 = CARTESIAN_POINT ( 'NONE',  ( -38.10000000000000100, 2.759770219085476000, -3.479939372016725800 ) ) ;
#1080 = DIRECTION ( 'NONE',  ( 1.000000000000000000, 0.0000000000000000000, -0.0000000000000000000 ) ) ;
#1081 = DIRECTION ( 'NONE',  ( 0.0000000000000000000, 0.0000000000000000000, 1.000000000000000000 ) ) ;
#1082 = EDGE_LOOP ( 'NONE', ( #1064, #418, #2587, #611 ) ) ;
#1083 = EDGE_CURVE ( 'NONE', #599, #908, #2053, .T. ) ;
#1084 = ORIENTED_EDGE ( 'NONE', *, *, #1823, .T. ) ;
#1085 = VERTEX_POINT ( 'NONE', #927 ) ;
#1086 = DIRECTION ( 'NONE',  ( 0.0000000000000000000, 0.0000000000000000000, 1.000000000000000000 ) ) ;
#1087 = DIRECTION ( 'NONE',  ( 0.0000000000000000000, 1.000000000000000000, 0.0000000000000000000 ) ) ;
#1088 = ORIENTED_EDGE ( 'NONE', *, *, #1851, .F. ) ;
#1089 = DIRECTION ( 'NONE',  ( 1.000000000000000000, 0.0000000000000000000, 0.0000000000000000000 ) ) ;
#1090 = AXIS2_PLACEMENT_3D ( 'NONE', #2084, #59, #473 ) ;
#1091 = DIRECTION ( 'NONE',  ( -1.000000000000000000, 0.0000000000000000000, -0.0000000000000000000 ) ) ;
#1092 = ORIENTED_EDGE ( 'NONE', *, *, #90, .T. ) ;
#1093 = COORDINATED_UNIVERSAL_TIME_OFFSET ( 6, 0, .BEHIND. ) ;
#1094 = CIRCLE ( 'NONE', #880, 0.2539999999999998900 ) ;
#1095 = LINE ( 'NONE', #471, #566 ) ;
#1096 = ORIENTED_EDGE ( 'NONE', *, *, #302, .F. ) ;
#1097 = FACE_OUTER_BOUND ( 'NONE', #929, .T. ) ;
#1098 = FACE_OUTER_BOUND ( 'NONE', #907, .T. ) ;
#1099 = VECTOR ( 'NONE', #2570, 1000.000000000000000 ) ;
#1100 = AXIS2_PLACEMENT_3D ( 'NONE', #894, #2341, #531 ) ;
#1101 = ORIENTED_EDGE ( 'NONE', *, *, #1603, .F. ) ;
#1102 = VECTOR ( 'NONE', #2387, 1000.000000000000000 ) ;
#1103 = CARTESIAN_POINT ( 'NONE',  ( 38.10000000000000100, 5.000000000000000000, -4.618999999999999800 ) ) ;
#1104 = EDGE_CURVE ( 'NONE', #290, #1384, #1001, .T. ) ;
#1105 = CARTESIAN_POINT ( 'NONE',  ( -38.10000000000000100, 4.746000000000000400, -1.752599999999999900 ) ) ;
#1106 = EDGE_CURVE ( 'NONE', #1085, #290, #2372, .T. ) ;
#1107 = CARTESIAN_POINT ( 'NONE',  ( 38.10000000000000100, -1.498600000000002800, -4.279900000000005800 ) ) ;
#1108 = AXIS2_PLACEMENT_3D ( 'NONE', #723, #763, #936 ) ;
#1109 = ORIENTED_EDGE ( 'NONE', *, *, #71, .T. ) ;
#1110 = DIRECTION ( 'NONE',  ( 0.0000000000000000000, 0.0000000000000000000, -1.000000000000000000 ) ) ;
#1111 = EDGE_LOOP ( 'NONE', ( #2599, #1290, #1402, #381 ) ) ;
#1112 = ORIENTED_EDGE ( 'NONE', *, *, #865, .T. ) ;
#1113 = EDGE_CURVE ( 'NONE', #1311, #2535, #230, .T. ) ;
#1114 = EDGE_CURVE ( 'NONE', #2590, #368, #840, .T. ) ;
#1115 = ORIENTED_EDGE ( 'NONE', *, *, #440, .T. ) ;
#1116 = DIRECTION ( 'NONE',  ( -0.0000000000000000000, -0.0000000000000000000, 1.000000000000000000 ) ) ;
#1117 = DIRECTION ( 'NONE',  ( -1.000000000000000000, -0.0000000000000000000, -0.0000000000000000000 ) ) ;
#1118 = ORIENTED_EDGE ( 'NONE', *, *, #711, .F. ) ;
#1119 = DIRECTION ( 'NONE',  ( -1.000000000000000000, 0.0000000000000000000, 0.0000000000000000000 ) ) ;
#1120 = VERTEX_POINT ( 'NONE', #2389 ) ;
#1121 = CARTESIAN_POINT ( 'NONE',  ( 38.10000000000000100, 1.498600000000002800, 4.279900000000005800 ) ) ;
#1122 = ORIENTED_EDGE ( 'NONE', *, *, #1150, .T. ) ;
#1123 = VECTOR ( 'NONE', #1977, 1000.000000000000000 ) ;
#1124 = LINE ( 'NONE', #85, #235 ) ;
#1125 = FACE_OUTER_BOUND ( 'NONE', #2594, .T. ) ;
#1126 = DIRECTION ( 'NONE',  ( 0.0000000000000000000, 0.0000000000000000000, 1.000000000000000000 ) ) ;
#1127 = ORIENTED_EDGE ( 'NONE', *, *, #179, .F. ) ;
#1128 = EDGE_CURVE ( 'NONE', #2184, #2123, #2307, .T. ) ;
#1129 = ORIENTED_EDGE ( 'NONE', *, *, #533, .F. ) ;
#1130 = LINE ( 'NONE', #2261, #1039 ) ;
#1131 = LINE ( 'NONE', #1989, #81 ) ;
#1132 = LINE ( 'NONE', #1289, #547 ) ;
#1133 = APPROVAL_STATUS ( 'not_yet_approved' ) ;
#1134 = APPROVAL ( #1383, 'UNSPECIFIED' ) ;
#1135 = EDGE_CURVE ( 'NONE', #1202, #100, #1189, .T. ) ;
#1136 = CARTESIAN_POINT ( 'NONE',  ( 38.10000000000000100, 1.498600000000002800, 4.279900000000005800 ) ) ;
#1137 = CARTESIAN_POINT ( 'NONE',  ( 38.10000000000000100, -5.000000000000000000, 1.752599999999999900 ) ) ;
#1138 = ORIENTED_EDGE ( 'NONE', *, *, #187, .T. ) ;
#1139 = AXIS2_PLACEMENT_3D ( 'NONE', #238, #423, #1431 ) ;
#1140 = DIRECTION ( 'NONE',  ( 0.0000000000000000000, 0.0000000000000000000, 1.000000000000000000 ) ) ;
#1141 = ORIENTED_EDGE ( 'NONE', *, *, #1167, .T. ) ;
#1142 = ORIENTED_EDGE ( 'NONE', *, *, #1470, .F. ) ;
#1143 = DIRECTION ( 'NONE',  ( 1.000000000000000000, 0.0000000000000000000, -0.0000000000000000000 ) ) ;
#1144 = DIRECTION ( 'NONE',  ( 0.0000000000000000000, 0.0000000000000000000, 1.000000000000000000 ) ) ;
#1145 = AXIS2_PLACEMENT_3D ( 'NONE', #2079, #1080, #278 ) ;
#1146 = ADVANCED_FACE ( 'NONE', ( #202 ), #845, .F. ) ;
#1147 = EDGE_CURVE ( 'NONE', #1857, #1488, #1163, .T. ) ;
#1148 = DIRECTION ( 'NONE',  ( -1.000000000000000000, -0.0000000000000000000, -0.0000000000000000000 ) ) ;
#1149 = CARTESIAN_POINT ( 'NONE',  ( 38.10000000000000100, -1.752600000000001700, 4.279900000000003100 ) ) ;
#1150 = EDGE_CURVE ( 'NONE', #770, #64, #1219, .T. ) ;
#1151 = PLANE ( 'NONE',  #901 ) ;
#1152 = ORIENTED_EDGE ( 'NONE', *, *, #2255, .T. ) ;
#1153 = CARTESIAN_POINT ( 'NONE',  ( 38.10000000000000100, 2.078724711447780500, -1.089867613356766200 ) ) ;
#1154 = ORIENTED_EDGE ( 'NONE', *, *, #2427, .F. ) ;
#1155 = APPROVAL ( #1133, 'UNSPECIFIED' ) ;
#1156 = FACE_OUTER_BOUND ( 'NONE', #1417, .T. ) ;
#1157 = CIRCLE ( 'NONE', #2292, 0.2539999999999997800 ) ;
#1158 = DIRECTION ( 'NONE',  ( 0.0000000000000000000, 0.0000000000000000000, 1.000000000000000000 ) ) ;
#1159 = CARTESIAN_POINT ( 'NONE',  ( 38.10000000000000100, -0.9265995604963851400, 2.273300000000003000 ) ) ;
#1160 = VECTOR ( 'NONE', #1755, 1000.000000000000000 ) ;
#1161 = VECTOR ( 'NONE', #1535, 1000.000000000000100 ) ;
#1162 = CYLINDRICAL_SURFACE ( 'NONE', #696, 0.2539999999999997800 ) ;
#1163 = LINE ( 'NONE', #2361, #16 ) ;
#1164 = ADVANCED_FACE ( 'NONE', ( #1068 ), #142, .T. ) ;
#1165 = LINE ( 'NONE', #1492, #1810 ) ;
#1166 = CARTESIAN_POINT ( 'NONE',  ( 38.10000000000000100, -4.618999999999999800, 5.000000000000000000 ) ) ;
#1167 = EDGE_CURVE ( 'NONE', #1182, #521, #1863, .T. ) ;
#1168 = CARTESIAN_POINT ( 'NONE',  ( 38.10000000000000100, 3.716756801418277200, -2.561056801418277300 ) ) ;
#1169 = ADVANCED_FACE ( 'NONE', ( #539 ), #1732, .F. ) ;
#1170 = DIRECTION ( 'NONE',  ( 0.0000000000000000000, 0.0000000000000000000, 1.000000000000000000 ) ) ;
#1171 = CARTESIAN_POINT ( 'NONE',  ( 38.10000000000000100, 2.019299999999999900, -3.654958372055276700E-016 ) ) ;
#1172 = ORIENTED_EDGE ( 'NONE', *, *, #2444, .F. ) ;
#1173 = VERTEX_POINT ( 'NONE', #2379 ) ;
#1174 = DIRECTION ( 'NONE',  ( -1.000000000000000000, -0.0000000000000000000, -0.0000000000000000000 ) ) ;
#1175 = ADVANCED_FACE ( 'NONE', ( #2345 ), #1511, .T. ) ;
#1176 = DIRECTION ( 'NONE',  ( 0.0000000000000000000, -1.000000000000000000, 0.0000000000000000000 ) ) ;
#1177 = EDGE_LOOP ( 'NONE', ( #2305, #120, #734, #985 ) ) ;
#1178 = CARTESIAN_POINT ( 'NONE',  ( 38.10000000000000100, 2.759770219085476000, -3.479939372016725800 ) ) ;
#1179 = CARTESIAN_POINT ( 'NONE',  ( 38.10000000000000100, -2.273299999999999900, -0.9265995604963841400 ) ) ;
#1180 = VERTEX_POINT ( 'NONE', #1795 ) ;
#1181 = EDGE_CURVE ( 'NONE', #599, #2377, #2087, .T. ) ;
#1182 = VERTEX_POINT ( 'NONE', #2271 ) ;
#1183 = DIRECTION ( 'NONE',  ( 0.0000000000000000000, 0.0000000000000000000, 1.000000000000000000 ) ) ;
#1184 = ORIENTED_EDGE ( 'NONE', *, *, #618, .T. ) ;
#1185 = ADVANCED_FACE ( 'NONE', ( #2281 ), #236, .T. ) ;
#1186 = ORIENTED_EDGE ( 'NONE', *, *, #188, .F. ) ;
#1187 = VECTOR ( 'NONE', #1600, 1000.000000000000000 ) ;
#1188 = CIRCLE ( 'NONE', #564, 0.2539999999999998900 ) ;
#1189 = LINE ( 'NONE', #1338, #1706 ) ;
#1190 = CARTESIAN_POINT ( 'NONE',  ( -38.10000000000000100, -1.084202172485504400E-016, -1.626303258728256700E-015 ) ) ;
#1191 = ORIENTED_EDGE ( 'NONE', *, *, #649, .F. ) ;
#1192 = LINE ( 'NONE', #662, #1006 ) ;
#1193 = DIRECTION ( 'NONE',  ( 0.0000000000000000000, -1.000000000000000000, 5.582675850601248700E-015 ) ) ;
#1194 = LINE ( 'NONE', #829, #1900 ) ;
#1195 = CARTESIAN_POINT ( 'NONE',  ( -38.10000000000000100, -1.498600000000002800, -4.279900000000005800 ) ) ;
#1196 = LINE ( 'NONE', #170, #2426 ) ;
#1197 = AXIS2_PLACEMENT_3D ( 'NONE', #2395, #2604, #1404 ) ;
#1198 = EDGE_CURVE ( 'NONE', #93, #415, #1994, .T. ) ;
#1199 = CARTESIAN_POINT ( 'NONE',  ( 38.10000000000000100, -2.759770219085476000, -3.479939372016725800 ) ) ;
#1200 = ORIENTED_EDGE ( 'NONE', *, *, #827, .F. ) ;
#1201 = ADVANCED_FACE ( 'NONE', ( #1310 ), #1438, .F. ) ;
#1202 = VERTEX_POINT ( 'NONE', #2476 ) ;
#1203 = VERTEX_POINT ( 'NONE', #1844 ) ;
#1204 = CARTESIAN_POINT ( 'NONE',  ( 38.10000000000000100, 1.752599999999999900, 5.000000000000000000 ) ) ;
#1205 = DIRECTION ( 'NONE',  ( 0.0000000000000000000, 0.0000000000000000000, 1.000000000000000000 ) ) ;
#1206 = EDGE_CURVE ( 'NONE', #1048, #599, #602, .T. ) ;
#1207 = DIRECTION ( 'NONE',  ( 0.0000000000000000000, 0.0000000000000000000, -1.000000000000000000 ) ) ;
#1208 = CARTESIAN_POINT ( 'NONE',  ( -38.10000000000000100, 5.000000000000000000, -1.752599999999999900 ) ) ;
#1209 = ORIENTED_EDGE ( 'NONE', *, *, #1842, .F. ) ;
#1210 = DIRECTION ( 'NONE',  ( -1.000000000000000000, -0.0000000000000000000, -0.0000000000000000000 ) ) ;
#1211 = ORIENTED_EDGE ( 'NONE', *, *, #1680, .T. ) ;
#1212 = LOCAL_TIME ( 8, 26, 27.00000000000000000, #1093 ) ;
#1213 = VECTOR ( 'NONE', #706, 1000.000000000000100 ) ;
#1214 = CIRCLE ( 'NONE', #84, 0.2539999999999998900 ) ;
#1215 = PRODUCT_RELATED_PRODUCT_CATEGORY ( 'detail', '', ( #2014 ) ) ;
#1216 = VERTEX_POINT ( 'NONE', #2257 ) ;
#1217 = LINE ( 'NONE', #2585, #1927 ) ;
#1218 = LINE ( 'NONE', #1397, #509 ) ;
#1219 = LINE ( 'NONE', #741, #633 ) ;
#1220 = DIRECTION ( 'NONE',  ( 0.0000000000000000000, 1.000000000000000000, 0.0000000000000000000 ) ) ;
#1221 = CARTESIAN_POINT ( 'NONE',  ( 38.10000000000000100, -4.618999999999999800, -5.000000000000000000 ) ) ;
#1222 = FACE_OUTER_BOUND ( 'NONE', #2, .T. ) ;
#1223 = AXIS2_PLACEMENT_3D ( 'NONE', #2529, #922, #1126 ) ;
#1224 = CARTESIAN_POINT ( 'NONE',  ( 38.10000000000000100, -1.752600000000001700, 4.025900000000004500 ) ) ;
#1225 = CARTESIAN_POINT ( 'NONE',  ( 38.10000000000000100, -2.078724711447780500, -1.089867613356766200 ) ) ;
#1226 = DIRECTION ( 'NONE',  ( -1.000000000000000000, 0.0000000000000000000, -0.0000000000000000000 ) ) ;
#1227 = ORIENTED_EDGE ( 'NONE', *, *, #490, .F. ) ;
#1228 = EDGE_CURVE ( 'NONE', #1389, #2436, #661, .T. ) ;
#1229 = DIRECTION ( 'NONE',  ( 0.0000000000000000000, 0.0000000000000000000, -1.000000000000000000 ) ) ;
#1230 = ORIENTED_EDGE ( 'NONE', *, *, #1984, .T. ) ;
#1231 = EDGE_CURVE ( 'NONE', #247, #368, #693, .T. ) ;
#1232 = CARTESIAN_POINT ( 'NONE',  ( 38.10000000000000100, -4.746000000000000400, -1.752599999999999900 ) ) ;
#1233 = ORIENTED_EDGE ( 'NONE', *, *, #1840, .F. ) ;
#1234 = VERTEX_POINT ( 'NONE', #1837 ) ;
#1235 = AXIS2_PLACEMENT_3D ( 'NONE', #257, #2050, #1056 ) ;
#1236 = DIRECTION ( 'NONE',  ( 0.0000000000000000000, 0.0000000000000000000, 1.000000000000000000 ) ) ;
#1237 = VERTEX_POINT ( 'NONE', #1635 ) ;
#1238 = EDGE_CURVE ( 'NONE', #331, #804, #970, .T. ) ;
#1239 = EDGE_CURVE ( 'NONE', #280, #2111, #1449, .T. ) ;
#1240 = ORIENTED_EDGE ( 'NONE', *, *, #806, .F. ) ;
#1241 = PLANE ( 'NONE',  #297 ) ;
#1242 = CARTESIAN_POINT ( 'NONE',  ( -38.10000000000000100, 2.019299999999999900, 0.9265995604963832600 ) ) ;
#1243 = FACE_OUTER_BOUND ( 'NONE', #877, .T. ) ;
#1244 = CARTESIAN_POINT ( 'NONE',  ( 38.10000000000000100, 2.078724711447780500, -1.089867613356766200 ) ) ;
#1245 = DIRECTION ( 'NONE',  ( 0.0000000000000000000, -1.000000000000000000, 0.0000000000000000000 ) ) ;
#1246 = ORIENTED_EDGE ( 'NONE', *, *, #421, .T. ) ;
#1247 = CIRCLE ( 'NONE', #2166, 0.2539999999999998900 ) ;
#1248 = DIRECTION ( 'NONE',  ( 1.000000000000000000, 0.0000000000000000000, -0.0000000000000000000 ) ) ;
#1249 = CIRCLE ( 'NONE', #1197, 0.3091431985817226800 ) ;
#1250 = VECTOR ( 'NONE', #1207, 1000.000000000000000 ) ;
#1251 = PLANE ( 'NONE',  #1235 ) ;
#1252 = ORIENTED_EDGE ( 'NONE', *, *, #188, .T. ) ;
#1253 = EDGE_LOOP ( 'NONE', ( #2448, #2510, #1434, #2390 ) ) ;
#1254 = LINE ( 'NONE', #1632, #2513 ) ;
#1255 = VECTOR ( 'NONE', #541, 1000.000000000000000 ) ;
#1256 = CIRCLE ( 'NONE', #642, 0.2539999999999990000 ) ;
#1257 = CARTESIAN_POINT ( 'NONE',  ( -38.10000000000000100, 0.9265995604963832600, 2.019300000000003000 ) ) ;
#1258 = DIRECTION ( 'NONE',  ( -1.000000000000000000, 0.0000000000000000000, 0.0000000000000000000 ) ) ;
#1259 = DIRECTION ( 'NONE',  ( -1.000000000000000000, -0.0000000000000000000, -0.0000000000000000000 ) ) ;
#1260 = CARTESIAN_POINT ( 'NONE',  ( 38.10000000000000100, -1.752599999999999900, -5.000000000000000000 ) ) ;
#1261 = EDGE_CURVE ( 'NONE', #1542, #1693, #757, .T. ) ;
#1262 = EDGE_CURVE ( 'NONE', #1420, #604, #2483, .T. ) ;
#1263 = ORIENTED_EDGE ( 'NONE', *, *, #349, .T. ) ;
#1264 = DIRECTION ( 'NONE',  ( 0.0000000000000000000, 0.0000000000000000000, 1.000000000000000000 ) ) ;
#1265 = DIRECTION ( 'NONE',  ( 0.0000000000000000000, 0.0000000000000000000, -1.000000000000000000 ) ) ;
#1266 = VERTEX_POINT ( 'NONE', #1029 ) ;
#1267 = CARTESIAN_POINT ( 'NONE',  ( 38.10000000000000100, -5.000000000000000000, 1.752599999999999900 ) ) ;
#1268 = CARTESIAN_POINT ( 'NONE',  ( 38.10000000000000100, -3.716756801418277200, -2.561056801418277300 ) ) ;
#1269 = ORIENTED_EDGE ( 'NONE', *, *, #2231, .F. ) ;
#1270 = EDGE_CURVE ( 'NONE', #1085, #2577, #174, .T. ) ;
#1271 = CARTESIAN_POINT ( 'NONE',  ( 38.10000000000000100, 1.752600000000001700, 4.279900000000003100 ) ) ;
#1272 = AXIS2_PLACEMENT_3D ( 'NONE', #1149, #1550, #157 ) ;
#1273 = CARTESIAN_POINT ( 'NONE',  ( 38.10000000000000100, 4.336808689942017700E-016, -2.019300000000002500 ) ) ;
#1274 = VERTEX_POINT ( 'NONE', #244 ) ;
#1275 = VERTEX_POINT ( 'NONE', #428 ) ;
#1276 = CYLINDRICAL_SURFACE ( 'NONE', #1361, 0.2539999999999998900 ) ;
#1277 = LINE ( 'NONE', #1495, #874 ) ;
#1278 = EDGE_CURVE ( 'NONE', #1328, #1654, #2415, .T. ) ;
#1279 = CARTESIAN_POINT ( 'NONE',  ( 38.10000000000000100, 0.9265995604963851400, -2.273300000000003000 ) ) ;
#1280 = CARTESIAN_POINT ( 'NONE',  ( -38.10000000000000100, -4.746000000000000400, -1.752599999999999900 ) ) ;
#1281 = VERTEX_POINT ( 'NONE', #2238 ) ;
#1282 = LINE ( 'NONE', #988, #2481 ) ;
#1283 = FACE_OUTER_BOUND ( 'NONE', #1491, .T. ) ;
#1284 = CARTESIAN_POINT ( 'NONE',  ( -38.10000000000000100, -4.279900000000001400, -1.498599999999999900 ) ) ;
#1285 = VECTOR ( 'NONE', #99, 1000.000000000000000 ) ;
#1286 = CC_DESIGN_PERSON_AND_ORGANIZATION_ASSIGNMENT ( #477, #1785, ( #2338 ) ) ;
#1287 = DIRECTION ( 'NONE',  ( 0.0000000000000000000, -1.000000000000000000, 0.0000000000000000000 ) ) ;
#1288 = CARTESIAN_POINT ( 'NONE',  ( 38.10000000000000100, -1.498600000000002800, -4.279900000000005800 ) ) ;
#1289 = CARTESIAN_POINT ( 'NONE',  ( 38.10000000000000100, 2.561056801418280400, 4.025900000000004500 ) ) ;
#1290 = ORIENTED_EDGE ( 'NONE', *, *, #178, .F. ) ;
#1291 = EDGE_CURVE ( 'NONE', #1281, #1405, #1769, .T. ) ;
#1292 = ORIENTED_EDGE ( 'NONE', *, *, #276, .T. ) ;
#1293 = DIRECTION ( 'NONE',  ( -1.000000000000000000, 0.0000000000000000000, -0.0000000000000000000 ) ) ;
#1294 = ORIENTED_EDGE ( 'NONE', *, *, #5, .F. ) ;
#1295 = DIRECTION ( 'NONE',  ( -1.000000000000000000, -0.0000000000000000000, -0.0000000000000000000 ) ) ;
#1296 = ORIENTED_EDGE ( 'NONE', *, *, #1239, .F. ) ;
#1297 = CARTESIAN_POINT ( 'NONE',  ( 38.10000000000000100, -2.078724711447780500, -1.089867613356766200 ) ) ;
#1298 = PLANE ( 'NONE',  #1656 ) ;
#1299 = ADVANCED_FACE ( 'NONE', ( #2219 ), #56, .F. ) ;
#1300 = DIRECTION ( 'NONE',  ( 0.0000000000000000000, 0.0000000000000000000, -1.000000000000000000 ) ) ;
#1301 = ORIENTED_EDGE ( 'NONE', *, *, #1106, .T. ) ;
#1302 = DIRECTION ( 'NONE',  ( -1.000000000000000000, -0.0000000000000000000, -0.0000000000000000000 ) ) ;
#1303 = DIRECTION ( 'NONE',  ( 1.000000000000000000, 0.0000000000000000000, 0.0000000000000000000 ) ) ;
#1304 = EDGE_LOOP ( 'NONE', ( #1919, #1804, #801, #189 ) ) ;
#1305 = LINE ( 'NONE', #2408, #684 ) ;
#1306 = DIRECTION ( 'NONE',  ( 0.0000000000000000000, -1.000000000000000000, 0.0000000000000000000 ) ) ;
#1307 = ORIENTED_EDGE ( 'NONE', *, *, #37, .F. ) ;
#1308 = CYLINDRICAL_SURFACE ( 'NONE', #2206, 0.3091431985817226800 ) ;
#1309 = VECTOR ( 'NONE', #1813, 1000.000000000000000 ) ;
#1310 = FACE_OUTER_BOUND ( 'NONE', #954, .T. ) ;
#1311 = VERTEX_POINT ( 'NONE', #24 ) ;
#1312 = DIRECTION ( 'NONE',  ( -1.000000000000000000, 0.0000000000000000000, 0.0000000000000000000 ) ) ;
#1313 = ORIENTED_EDGE ( 'NONE', *, *, #1512, .T. ) ;
#1314 = VECTOR ( 'NONE', #2165, 1000.000000000000100 ) ;
#1315 = EDGE_CURVE ( 'NONE', #1266, #1940, #1802, .T. ) ;
#1316 = LINE ( 'NONE', #1441, #456 ) ;
#1317 = CARTESIAN_POINT ( 'NONE',  ( 38.10000000000000100, 1.498600000000000400, 4.746000000000000400 ) ) ;
#1318 = LINE ( 'NONE', #1975, #273 ) ;
#1319 = CARTESIAN_POINT ( 'NONE',  ( 38.10000000000000100, 4.279900000000001400, 1.498600000000000200 ) ) ;
#1320 = DIRECTION ( 'NONE',  ( 0.0000000000000000000, 0.0000000000000000000, 1.000000000000000000 ) ) ;
#1321 = ORIENTED_EDGE ( 'NONE', *, *, #1803, .F. ) ;
#1322 = DIRECTION ( 'NONE',  ( 0.0000000000000000000, 0.0000000000000000000, -1.000000000000000000 ) ) ;
#1323 = CARTESIAN_POINT ( 'NONE',  ( 38.10000000000000100, 5.000000000000000000, 1.752599999999999900 ) ) ;
#1324 = ORIENTED_EDGE ( 'NONE', *, *, #2364, .T. ) ;
#1325 = DIRECTION ( 'NONE',  ( 0.0000000000000000000, 0.0000000000000000000, 1.000000000000000000 ) ) ;
#1326 = AXIS2_PLACEMENT_3D ( 'NONE', #94, #2315, #1489 ) ;
#1327 = EDGE_CURVE ( 'NONE', #1234, #1630, #2187, .T. ) ;
#1328 = VERTEX_POINT ( 'NONE', #670 ) ;
#1329 = CARTESIAN_POINT ( 'NONE',  ( -38.10000000000000100, -1.084202172485504400E-016, -1.626303258728256700E-015 ) ) ;
#1330 = DIRECTION ( 'NONE',  ( 0.0000000000000000000, 0.0000000000000000000, 1.000000000000000000 ) ) ;
#1331 = DIRECTION ( 'NONE',  ( 0.0000000000000000000, -1.000000000000000000, 0.0000000000000000000 ) ) ;
#1332 = CARTESIAN_POINT ( 'NONE',  ( 38.10000000000000100, -4.279900000000001400, -1.498599999999999900 ) ) ;
#1333 = VERTEX_POINT ( 'NONE', #818 ) ;
#1334 = DIRECTION ( 'NONE',  ( -1.000000000000000000, -0.0000000000000000000, -0.0000000000000000000 ) ) ;
#1335 = AXIS2_PLACEMENT_3D ( 'NONE', #2038, #595, #1607 ) ;
#1336 = VERTEX_POINT ( 'NONE', #1079 ) ;
#1337 = CARTESIAN_POINT ( 'NONE',  ( 0.0000000000000000000, 0.0000000000000000000, 0.0000000000000000000 ) ) ;
#1338 = CARTESIAN_POINT ( 'NONE',  ( 38.10000000000000100, -1.752599999999999900, 5.000000000000000000 ) ) ;
#1339 = ORIENTED_EDGE ( 'NONE', *, *, #2139, .F. ) ;
#1340 = CALENDAR_DATE ( 2025, 6, 1 ) ;
#1341 = LINE ( 'NONE', #1743, #751 ) ;
#1342 = ADVANCED_FACE ( 'NONE', ( #1125 ), #95, .F. ) ;
#1343 = VECTOR ( 'NONE', #2101, 1000.000000000000000 ) ;
#1344 = VERTEX_POINT ( 'NONE', #887 ) ;
#1345 = VERTEX_POINT ( 'NONE', #2078 ) ;
#1346 = CIRCLE ( 'NONE', #1518, 0.2539999999999998900 ) ;
#1347 = EDGE_CURVE ( 'NONE', #2348, #495, #572, .T. ) ;
#1348 = FACE_OUTER_BOUND ( 'NONE', #314, .T. ) ;
#1349 = DIRECTION ( 'NONE',  ( -1.000000000000000000, -0.0000000000000000000, -0.0000000000000000000 ) ) ;
#1350 = LINE ( 'NONE', #1166, #817 ) ;
#1351 = ORIENTED_EDGE ( 'NONE', *, *, #2620, .F. ) ;
#1352 = CARTESIAN_POINT ( 'NONE',  ( 38.10000000000000100, 4.025900000000000000, -1.752600000000001700 ) ) ;
#1353 = DIRECTION ( 'NONE',  ( -1.000000000000000000, -0.0000000000000000000, 0.0000000000000000000 ) ) ;
#1354 = CARTESIAN_POINT ( 'NONE',  ( -38.10000000000000100, 1.752600000000000400, 4.746000000000000400 ) ) ;
#1355 = CARTESIAN_POINT ( 'NONE',  ( -38.10000000000000100, -3.479939372016722700, 2.759770219085474300 ) ) ;
#1356 = DIRECTION ( 'NONE',  ( 0.0000000000000000000, 0.0000000000000000000, 1.000000000000000000 ) ) ;
#1357 = ORIENTED_EDGE ( 'NONE', *, *, #1680, .F. ) ;
#1358 = ADVANCED_FACE ( 'NONE', ( #2542 ), #1241, .F. ) ;
#1359 = CARTESIAN_POINT ( 'NONE',  ( 38.10000000000000100, 1.752599999999999900, -5.000000000000000000 ) ) ;
#1360 = DIRECTION ( 'NONE',  ( -1.000000000000000000, -0.0000000000000000000, 0.0000000000000000000 ) ) ;
#1361 = AXIS2_PLACEMENT_3D ( 'NONE', #497, #104, #123 ) ;
#1362 = CARTESIAN_POINT ( 'NONE',  ( -38.10000000000000100, 4.279900000000001400, 1.498599999999999900 ) ) ;
#1363 = ORIENTED_EDGE ( 'NONE', *, *, #2066, .F. ) ;
#1364 = ADVANCED_FACE ( 'NONE', ( #111 ), #77, .F. ) ;
#1365 = ORIENTED_EDGE ( 'NONE', *, *, #2249, .T. ) ;
#1366 = CARTESIAN_POINT ( 'NONE',  ( 38.10000000000000100, 4.618999999999999800, 5.000000000000000000 ) ) ;
#1367 = ORIENTED_EDGE ( 'NONE', *, *, #959, .T. ) ;
#1368 = CARTESIAN_POINT ( 'NONE',  ( -38.10000000000000100, -1.752600000000001700, 4.025900000000004500 ) ) ;
#1369 = AXIS2_PLACEMENT_3D ( 'NONE', #1424, #239, #1853 ) ;
#1370 = CARTESIAN_POINT ( 'NONE',  ( -38.10000000000000100, 4.279900000000001400, 1.498600000000000200 ) ) ;
#1371 = EDGE_CURVE ( 'NONE', #64, #2244, #905, .T. ) ;
#1372 = CARTESIAN_POINT ( 'NONE',  ( 38.10000000000000100, -1.084202172485504400E-016, -1.626303258728256700E-015 ) ) ;
#1373 = DATE_TIME_ROLE ( 'creation_date' ) ;
#1374 = DIRECTION ( 'NONE',  ( -1.000000000000000000, 0.0000000000000000000, -0.0000000000000000000 ) ) ;
#1375 = EDGE_CURVE ( 'NONE', #585, #2406, #388, .T. ) ;
#1376 = ADVANCED_FACE ( 'NONE', ( #2149 ), #510, .T. ) ;
#1377 = ORIENTED_EDGE ( 'NONE', *, *, #334, .F. ) ;
#1378 = PLANE ( 'NONE',  #309 ) ;
#1379 = ORIENTED_EDGE ( 'NONE', *, *, #1948, .F. ) ;
#1380 = AXIS2_PLACEMENT_3D ( 'NONE', #1329, #1951, #554 ) ;
#1381 = VECTOR ( 'NONE', #2002, 1000.000000000000000 ) ;
#1382 = CARTESIAN_POINT ( 'NONE',  ( 38.10000000000000100, 4.025900000000000000, -2.561056801418277300 ) ) ;
#1383 = APPROVAL_STATUS ( 'not_yet_approved' ) ;
#1384 = VERTEX_POINT ( 'NONE', #1689 ) ;
#1385 = CIRCLE ( 'NONE', #1380, 1.257300000000000300 ) ;
#1386 = LINE ( 'NONE', #1673, #2148 ) ;
#1387 = VECTOR ( 'NONE', #2048, 1000.000000000000100 ) ;
#1388 = VERTEX_POINT ( 'NONE', #69 ) ;
#1389 = VERTEX_POINT ( 'NONE', #1070 ) ;
#1390 = ORIENTED_EDGE ( 'NONE', *, *, #1135, .T. ) ;
#1391 = FACE_OUTER_BOUND ( 'NONE', #542, .T. ) ;
#1392 = CIRCLE ( 'NONE', #2040, 0.3091431985817226800 ) ;
#1393 = EDGE_CURVE ( 'NONE', #946, #2118, #1644, .T. ) ;
#1394 = EDGE_CURVE ( 'NONE', #1216, #1976, #2313, .T. ) ;
#1395 = CARTESIAN_POINT ( 'NONE',  ( 38.10000000000000100, -2.078724711447780500, 1.089867613356766200 ) ) ;
#1396 = ADVANCED_FACE ( 'NONE', ( #45 ), #2181, .F. ) ;
#1397 = CARTESIAN_POINT ( 'NONE',  ( 38.10000000000000100, 0.9265995604963832600, 2.019300000000003000 ) ) ;
#1398 = CARTESIAN_POINT ( 'NONE',  ( 38.10000000000000100, -1.089867613356766400, 2.078724711447783100 ) ) ;
#1399 = SECURITY_CLASSIFICATION_LEVEL ( 'unclassified' ) ;
#1400 = CARTESIAN_POINT ( 'NONE',  ( 38.10000000000000100, -5.000000000000000000, -1.752599999999999900 ) ) ;
#1401 = DIRECTION ( 'NONE',  ( 0.0000000000000000000, 0.0000000000000000000, -1.000000000000000000 ) ) ;
#1402 = ORIENTED_EDGE ( 'NONE', *, *, #1437, .T. ) ;
#1403 = CARTESIAN_POINT ( 'NONE',  ( 38.10000000000000100, 1.089867613356766400, -2.078724711447783100 ) ) ;
#1404 = DIRECTION ( 'NONE',  ( 0.0000000000000000000, 0.0000000000000000000, -1.000000000000000000 ) ) ;
#1405 = VERTEX_POINT ( 'NONE', #1257 ) ;
#1406 = CARTESIAN_POINT ( 'NONE',  ( 38.10000000000000100, 1.752600000000001700, -4.279900000000003100 ) ) ;
#1407 = ORIENTED_EDGE ( 'NONE', *, *, #1749, .T. ) ;
#1408 = EDGE_CURVE ( 'NONE', #2392, #415, #752, .T. ) ;
#1409 = EDGE_CURVE ( 'NONE', #2377, #287, #1214, .T. ) ;
#1410 = DIRECTION ( 'NONE',  ( -1.000000000000000000, 0.0000000000000000000, 0.0000000000000000000 ) ) ;
#1411 = EDGE_CURVE ( 'NONE', #534, #717, #1095, .T. ) ;
#1412 = ORIENTED_EDGE ( 'NONE', *, *, #679, .F. ) ;
#1413 = ORIENTED_EDGE ( 'NONE', *, *, #305, .T. ) ;
#1414 = PERSON_AND_ORGANIZATION ( #2227, #1636 ) ;
#1415 = CIRCLE ( 'NONE', #667, 0.2539999999999990000 ) ;
#1416 = CIRCLE ( 'NONE', #820, 0.2539999999999998900 ) ;
#1417 = EDGE_LOOP ( 'NONE', ( #63, #1633, #987, #1037 ) ) ;
#1418 = AXIS2_PLACEMENT_3D ( 'NONE', #1354, #2367, #1744 ) ;
#1419 = ORIENTED_EDGE ( 'NONE', *, *, #735, .T. ) ;
#1420 = VERTEX_POINT ( 'NONE', #2525 ) ;
#1421 = LINE ( 'NONE', #2229, #1549 ) ;
#1422 = CIRCLE ( 'NONE', #501, 0.3091431985817226800 ) ;
#1423 = LINE ( 'NONE', #906, #636 ) ;
#1424 = CARTESIAN_POINT ( 'NONE',  ( 38.10000000000000100, 1.089867613356766400, -2.078724711447783100 ) ) ;
#1425 = AXIS2_PLACEMENT_3D ( 'NONE', #1076, #853, #474 ) ;
#1426 = EDGE_CURVE ( 'NONE', #100, #1766, #1638, .T. ) ;
#1427 = DIRECTION ( 'NONE',  ( 0.0000000000000000000, 0.0000000000000000000, -1.000000000000000000 ) ) ;
#1428 = CARTESIAN_POINT ( 'NONE',  ( 38.10000000000000100, -1.498600000000000400, -4.746000000000000400 ) ) ;
#1429 = VERTEX_POINT ( 'NONE', #698 ) ;
#1430 = EDGE_LOOP ( 'NONE', ( #2469, #419, #1818, #1713 ) ) ;
#1431 = DIRECTION ( 'NONE',  ( 1.000000000000000000, 0.0000000000000000000, 0.0000000000000000000 ) ) ;
#1432 = CC_DESIGN_DATE_AND_TIME_ASSIGNMENT ( #2022, #1373, ( #2338 ) ) ;
#1433 = DIRECTION ( 'NONE',  ( 0.0000000000000000000, 0.0000000000000000000, -1.000000000000000000 ) ) ;
#1434 = ORIENTED_EDGE ( 'NONE', *, *, #1948, .T. ) ;
#1435 = ORIENTED_EDGE ( 'NONE', *, *, #212, .F. ) ;
#1436 = CARTESIAN_POINT ( 'NONE',  ( 38.10000000000000100, -3.716756801418277200, 2.561056801418277300 ) ) ;
#1437 = EDGE_CURVE ( 'NONE', #2124, #352, #1416, .T. ) ;
#1438 = PLANE ( 'NONE',  #1139 ) ;
#1439 = DIRECTION ( 'NONE',  ( 0.0000000000000000000, 0.0000000000000000000, 1.000000000000000000 ) ) ;
#1440 = ORIENTED_EDGE ( 'NONE', *, *, #1327, .T. ) ;
#1441 = CARTESIAN_POINT ( 'NONE',  ( 38.10000000000000100, 1.498600000000000400, -4.746000000000000400 ) ) ;
#1442 = DIRECTION ( 'NONE',  ( -1.000000000000000000, -0.0000000000000000000, 0.0000000000000000000 ) ) ;
#1443 = ORIENTED_EDGE ( 'NONE', *, *, #1524, .T. ) ;
#1444 = DATE_AND_TIME ( #1987, #964 ) ;
#1445 = VECTOR ( 'NONE', #1293, 1000.000000000000000 ) ;
#1446 = ORIENTED_EDGE ( 'NONE', *, *, #2528, .T. ) ;
#1447 = FACE_OUTER_BOUND ( 'NONE', #1082, .T. ) ;
#1448 = LINE ( 'NONE', #1606, #1309 ) ;
#1449 = LINE ( 'NONE', #2471, #320 ) ;
#1450 = VERTEX_POINT ( 'NONE', #1507 ) ;
#1451 = ORIENTED_EDGE ( 'NONE', *, *, #1539, .F. ) ;
#1452 = FACE_OUTER_BOUND ( 'NONE', #1253, .T. ) ;
#1453 = FACE_OUTER_BOUND ( 'NONE', #1430, .T. ) ;
#1454 = CARTESIAN_POINT ( 'NONE',  ( 38.10000000000000100, -4.025900000000000000, 2.561056801418277300 ) ) ;
#1455 = CARTESIAN_POINT ( 'NONE',  ( -38.10000000000000100, 1.752599999999999900, -5.000000000000000000 ) ) ;
#1456 = EDGE_CURVE ( 'NONE', #27, #2485, #1277, .T. ) ;
#1457 = DIRECTION ( 'NONE',  ( 1.000000000000000000, 0.0000000000000000000, 0.0000000000000000000 ) ) ;
#1458 = PLANE ( 'NONE',  #221 ) ;
#1459 = EDGE_LOOP ( 'NONE', ( #1367, #125, #1776, #798 ) ) ;
#1460 = CC_DESIGN_PERSON_AND_ORGANIZATION_ASSIGNMENT ( #2410, #1572, ( #1886 ) ) ;
#1461 = EDGE_CURVE ( 'NONE', #1275, #1944, #1955, .T. ) ;
#1462 = ORIENTED_EDGE ( 'NONE', *, *, #1984, .F. ) ;
#1463 = ORIENTED_EDGE ( 'NONE', *, *, #55, .T. ) ;
#1464 = CARTESIAN_POINT ( 'NONE',  ( -38.10000000000000100, -1.752600000000001700, -4.025900000000004500 ) ) ;
#1465 = AXIS2_PLACEMENT_3D ( 'NONE', #1536, #2398, #1140 ) ;
#1466 = DIRECTION ( 'NONE',  ( 0.0000000000000000000, 0.0000000000000000000, -1.000000000000000000 ) ) ;
#1467 = CARTESIAN_POINT ( 'NONE',  ( 38.10000000000000100, -5.000000000000000000, 1.752599999999999900 ) ) ;
#1468 = DIRECTION ( 'NONE',  ( -1.000000000000000000, 0.0000000000000000000, 0.0000000000000000000 ) ) ;
#1469 = CARTESIAN_POINT ( 'NONE',  ( 38.10000000000000100, 2.561056801418280400, -4.025900000000004500 ) ) ;
#1470 = EDGE_CURVE ( 'NONE', #2123, #93, #2574, .T. ) ;
#1471 = ORIENTED_EDGE ( 'NONE', *, *, #827, .T. ) ;
#1472 = DIRECTION ( 'NONE',  ( 0.0000000000000000000, 0.0000000000000000000, -1.000000000000000000 ) ) ;
#1473 = DIRECTION ( 'NONE',  ( -0.0000000000000000000, -0.0000000000000000000, 1.000000000000000000 ) ) ;
#1474 = DIRECTION ( 'NONE',  ( 0.0000000000000000000, 0.0000000000000000000, 1.000000000000000000 ) ) ;
#1475 = EDGE_LOOP ( 'NONE', ( #703, #1650, #1172, #1640 ) ) ;
#1476 = COORDINATED_UNIVERSAL_TIME_OFFSET ( 6, 0, .BEHIND. ) ;
#1477 = DIRECTION ( 'NONE',  ( -1.000000000000000000, -0.0000000000000000000, 0.0000000000000000000 ) ) ;
#1478 = CIRCLE ( 'NONE', #2104, 0.2539999999999997800 ) ;
#1479 = CIRCLE ( 'NONE', #338, 0.3091431985817226800 ) ;
#1480 = EDGE_LOOP ( 'NONE', ( #2520, #1657 ) ) ;
#1481 = EDGE_LOOP ( 'NONE', ( #1613, #551, #828, #849 ) ) ;
#1482 = FACE_OUTER_BOUND ( 'NONE', #722, .T. ) ;
#1483 = CYLINDRICAL_SURFACE ( 'NONE', #437, 0.2539999999999998900 ) ;
#1484 = AXIS2_PLACEMENT_3D ( 'NONE', #1232, #854, #1236 ) ;
#1485 = DIRECTION ( 'NONE',  ( -1.000000000000000000, 0.0000000000000000000, -0.0000000000000000000 ) ) ;
#1486 = CARTESIAN_POINT ( 'NONE',  ( 38.10000000000000100, 2.561056801418280400, 4.025900000000004500 ) ) ;
#1487 = AXIS2_PLACEMENT_3D ( 'NONE', #2454, #1812, #2223 ) ;
#1488 = VERTEX_POINT ( 'NONE', #1060 ) ;
#1489 = DIRECTION ( 'NONE',  ( 0.0000000000000000000, 0.0000000000000000000, -1.000000000000000000 ) ) ;
#1490 = CARTESIAN_POINT ( 'NONE',  ( 38.10000000000000100, 2.273299999999999900, 0.9265995604963841400 ) ) ;
#1491 = EDGE_LOOP ( 'NONE', ( #371, #317, #303, #494 ) ) ;
#1492 = CARTESIAN_POINT ( 'NONE',  ( 38.10000000000000100, 5.000000000000000000, 4.618999999999999800 ) ) ;
#1493 = ORIENTED_EDGE ( 'NONE', *, *, #1728, .F. ) ;
#1494 = ORIENTED_EDGE ( 'NONE', *, *, #1983, .T. ) ;
#1495 = CARTESIAN_POINT ( 'NONE',  ( -38.10000000000000100, -2.078724711447780500, 1.089867613356766200 ) ) ;
#1496 = AXIS2_PLACEMENT_3D ( 'NONE', #2195, #1557, #1330 ) ;
#1497 = DIRECTION ( 'NONE',  ( 1.000000000000000000, -0.0000000000000000000, 0.0000000000000000000 ) ) ;
#1498 = ORIENTED_EDGE ( 'NONE', *, *, #2444, .T. ) ;
#1499 = CARTESIAN_POINT ( 'NONE',  ( -38.10000000000000100, -0.9265995604963851400, 2.273300000000003000 ) ) ;
#1500 = ORIENTED_EDGE ( 'NONE', *, *, #2202, .T. ) ;
#1501 = CARTESIAN_POINT ( 'NONE',  ( 38.10000000000000100, -4.746000000000000400, -1.752599999999999900 ) ) ;
#1502 = ORIENTED_EDGE ( 'NONE', *, *, #1069, .T. ) ;
#1503 = AXIS2_PLACEMENT_3D ( 'NONE', #429, #2267, #1051 ) ;
#1504 = LINE ( 'NONE', #1846, #1031 ) ;
#1505 = PLANE ( 'NONE',  #489 ) ;
#1506 = EDGE_CURVE ( 'NONE', #1180, #1048, #2450, .T. ) ;
#1507 = CARTESIAN_POINT ( 'NONE',  ( -38.10000000000000100, 1.752599999999999900, 5.000000000000000000 ) ) ;
#1508 = CIRCLE ( 'NONE', #2401, 0.2539999999999998900 ) ;
#1509 = FACE_OUTER_BOUND ( 'NONE', #245, .T. ) ;
#1510 = LINE ( 'NONE', #1936, #969 ) ;
#1511 = CYLINDRICAL_SURFACE ( 'NONE', #1272, 0.2539999999999990000 ) ;
#1512 = EDGE_CURVE ( 'NONE', #1538, #1234, #934, .T. ) ;
#1513 = ORIENTED_EDGE ( 'NONE', *, *, #37, .T. ) ;
#1514 = ORIENTED_EDGE ( 'NONE', *, *, #1652, .F. ) ;
#1515 = FACE_OUTER_BOUND ( 'NONE', #1852, .T. ) ;
#1516 = CIRCLE ( 'NONE', #2296, 0.3091431985817226800 ) ;
#1517 = DIRECTION ( 'NONE',  ( -1.000000000000000000, -0.0000000000000000000, 0.0000000000000000000 ) ) ;
#1518 = AXIS2_PLACEMENT_3D ( 'NONE', #426, #1822, #793 ) ;
#1519 = PLANE ( 'NONE',  #924 ) ;
#1520 = CARTESIAN_POINT ( 'NONE',  ( 38.10000000000000100, 1.498600000000002800, -4.279900000000005800 ) ) ;
#1521 = CARTESIAN_POINT ( 'NONE',  ( -38.10000000000000100, 5.000000000000000000, -4.618999999999999800 ) ) ;
#1522 = DIRECTION ( 'NONE',  ( 0.0000000000000000000, 0.0000000000000000000, 1.000000000000000000 ) ) ;
#1523 = DIRECTION ( 'NONE',  ( -1.000000000000000000, 0.0000000000000000000, 0.0000000000000000000 ) ) ;
#1524 = EDGE_CURVE ( 'NONE', #1203, #2123, #417, .T. ) ;
#1525 = VERTEX_POINT ( 'NONE', #870 ) ;
#1526 = EDGE_CURVE ( 'NONE', #2153, #1429, #1833, .T. ) ;
#1527 = CARTESIAN_POINT ( 'NONE',  ( -38.10000000000000100, 1.089867613356766400, 2.078724711447783100 ) ) ;
#1528 = CARTESIAN_POINT ( 'NONE',  ( 38.10000000000000100, -4.279900000000001400, -1.498600000000000200 ) ) ;
#1529 = ORIENTED_EDGE ( 'NONE', *, *, #1394, .T. ) ;
#1530 = DIRECTION ( 'NONE',  ( -1.000000000000000000, -0.0000000000000000000, 0.0000000000000000000 ) ) ;
#1531 = CARTESIAN_POINT ( 'NONE',  ( -38.10000000000000100, -4.618999999999999800, -5.000000000000000000 ) ) ;
#1532 = ORIENTED_EDGE ( 'NONE', *, *, #1375, .T. ) ;
#1533 = DIRECTION ( 'NONE',  ( -1.000000000000000000, 0.0000000000000000000, -0.0000000000000000000 ) ) ;
#1534 = CARTESIAN_POINT ( 'NONE',  ( 38.10000000000000100, 1.498600000000000400, -4.746000000000000400 ) ) ;
#1535 = DIRECTION ( 'NONE',  ( 0.0000000000000000000, 0.7660444431189772400, 0.6427876096865401400 ) ) ;
#1536 = CARTESIAN_POINT ( 'NONE',  ( 38.10000000000000100, -4.279899999999999600, 1.752599999999999900 ) ) ;
#1537 = DIRECTION ( 'NONE',  ( -1.000000000000000000, 0.0000000000000000000, 0.0000000000000000000 ) ) ;
#1538 = VERTEX_POINT ( 'NONE', #72 ) ;
#1539 = EDGE_CURVE ( 'NONE', #352, #1120, #1894, .T. ) ;
#1540 = EDGE_CURVE ( 'NONE', #2409, #2102, #1479, .T. ) ;
#1541 = DIRECTION ( 'NONE',  ( -1.000000000000000000, -0.0000000000000000000, 0.0000000000000000000 ) ) ;
#1542 = VERTEX_POINT ( 'NONE', #467 ) ;
#1543 = PERSON_AND_ORGANIZATION ( #2227, #1636 ) ;
#1544 = VECTOR ( 'NONE', #2422, 1000.000000000000000 ) ;
#1545 = VECTOR ( 'NONE', #2034, 1000.000000000000000 ) ;
#1546 = ORIENTED_EDGE ( 'NONE', *, *, #2013, .T. ) ;
#1547 = CARTESIAN_POINT ( 'NONE',  ( 38.10000000000000100, -5.000000000000000000, -4.618999999999999800 ) ) ;
#1548 = ORIENTED_EDGE ( 'NONE', *, *, #1393, .F. ) ;
#1549 = VECTOR ( 'NONE', #653, 1000.000000000000000 ) ;
#1550 = DIRECTION ( 'NONE',  ( -1.000000000000000000, 0.0000000000000000000, 0.0000000000000000000 ) ) ;
#1551 = VECTOR ( 'NONE', #1477, 1000.000000000000000 ) ;
#1552 = LINE ( 'NONE', #2598, #82 ) ;
#1553 = DIRECTION ( 'NONE',  ( 0.0000000000000000000, 0.0000000000000000000, 1.000000000000000000 ) ) ;
#1554 = DIRECTION ( 'NONE',  ( 0.0000000000000000000, 1.000000000000000000, 0.0000000000000000000 ) ) ;
#1555 = AXIS2_PLACEMENT_3D ( 'NONE', #2171, #945, #1320 ) ;
#1556 =( NAMED_UNIT ( * ) SI_UNIT ( $, .STERADIAN. ) SOLID_ANGLE_UNIT ( ) );
#1557 = DIRECTION ( 'NONE',  ( -1.000000000000000000, -0.0000000000000000000, -0.0000000000000000000 ) ) ;
#1558 = ORIENTED_EDGE ( 'NONE', *, *, #1371, .T. ) ;
#1559 = CARTESIAN_POINT ( 'NONE',  ( 38.10000000000000100, -4.618999999999999800, 4.618999999999999800 ) ) ;
#1560 = ORIENTED_EDGE ( 'NONE', *, *, #1052, .T. ) ;
#1561 = CARTESIAN_POINT ( 'NONE',  ( -38.10000000000000100, 4.279899999999999600, 1.752599999999999900 ) ) ;
#1562 = AXIS2_PLACEMENT_3D ( 'NONE', #2300, #689, #2304 ) ;
#1563 = EDGE_CURVE ( 'NONE', #433, #946, #289, .T. ) ;
#1564 = ORIENTED_EDGE ( 'NONE', *, *, #2402, .T. ) ;
#1565 = DIRECTION ( 'NONE',  ( 0.0000000000000000000, 0.0000000000000000000, 1.000000000000000000 ) ) ;
#1566 = CARTESIAN_POINT ( 'NONE',  ( -38.10000000000000100, -1.084202172485504400E-016, -1.626303258728256700E-015 ) ) ;
#1567 = EDGE_CURVE ( 'NONE', #290, #2409, #2025, .T. ) ;
#1568 = ADVANCED_FACE ( 'NONE', ( #231 ), #253, .F. ) ;
#1569 = ORIENTED_EDGE ( 'NONE', *, *, #2106, .F. ) ;
#1570 = AXIS2_PLACEMENT_3D ( 'NONE', #2388, #1148, #2176 ) ;
#1571 = ORIENTED_EDGE ( 'NONE', *, *, #567, .T. ) ;
#1572 = PERSON_AND_ORGANIZATION_ROLE ( 'classification_officer' ) ;
#1573 = DIRECTION ( 'NONE',  ( -1.000000000000000000, -0.0000000000000000000, 0.0000000000000000000 ) ) ;
#1574 = ORIENTED_EDGE ( 'NONE', *, *, #697, .T. ) ;
#1575 = FACE_OUTER_BOUND ( 'NONE', #98, .T. ) ;
#1576 = ORIENTED_EDGE ( 'NONE', *, *, #1393, .T. ) ;
#1577 = CIRCLE ( 'NONE', #546, 0.2539999999999998900 ) ;
#1578 = EDGE_CURVE ( 'NONE', #2368, #1281, #169, .T. ) ;
#1579 = LINE ( 'NONE', #2137, #2609 ) ;
#1580 = VECTOR ( 'NONE', #1220, 1000.000000000000000 ) ;
#1581 = ORIENTED_EDGE ( 'NONE', *, *, #329, .F. ) ;
#1582 = CARTESIAN_POINT ( 'NONE',  ( 38.10000000000000100, -0.9265995604963832600, 2.019300000000003000 ) ) ;
#1583 = ADVANCED_FACE ( 'NONE', ( #348 ), #1874, .F. ) ;
#1584 = VERTEX_POINT ( 'NONE', #677 ) ;
#1585 = VECTOR ( 'NONE', #2208, 1000.000000000000000 ) ;
#1586 = DIRECTION ( 'NONE',  ( 0.0000000000000000000, -5.582675850601248700E-015, -1.000000000000000000 ) ) ;
#1587 = CYLINDRICAL_SURFACE ( 'NONE', #88, 0.2539999999999997800 ) ;
#1588 = ADVANCED_FACE ( 'NONE', ( #105 ), #1739, .T. ) ;
#1589 = ORIENTED_EDGE ( 'NONE', *, *, #2008, .T. ) ;
#1590 = DIRECTION ( 'NONE',  ( 0.0000000000000000000, 0.0000000000000000000, 1.000000000000000000 ) ) ;
#1591 = EDGE_LOOP ( 'NONE', ( #1463, #18, #1974, #1546 ) ) ;
#1592 = DIRECTION ( 'NONE',  ( 0.0000000000000000000, -1.000000000000000000, 0.0000000000000000000 ) ) ;
#1593 = DIRECTION ( 'NONE',  ( 1.000000000000000000, 0.0000000000000000000, -0.0000000000000000000 ) ) ;
#1594 = CARTESIAN_POINT ( 'NONE',  ( 38.10000000000000100, -4.279900000000001400, 1.498599999999999900 ) ) ;
#1595 = ORIENTED_EDGE ( 'NONE', *, *, #457, .F. ) ;
#1596 = EDGE_CURVE ( 'NONE', #2436, #1542, #1157, .T. ) ;
#1597 = ADVANCED_FACE ( 'NONE', ( #2308 ), #1035, .T. ) ;
#1598 = VERTEX_POINT ( 'NONE', #1723 ) ;
#1599 = ORIENTED_EDGE ( 'NONE', *, *, #1278, .T. ) ;
#1600 = DIRECTION ( 'NONE',  ( 0.0000000000000000000, 1.000000000000000000, 0.0000000000000000000 ) ) ;
#1601 = EDGE_CURVE ( 'NONE', #2244, #1173, #515, .T. ) ;
#1602 = CARTESIAN_POINT ( 'NONE',  ( 38.10000000000000100, -2.019299999999999900, -0.9265995604963832600 ) ) ;
#1603 = EDGE_CURVE ( 'NONE', #804, #2436, #1702, .T. ) ;
#1604 = ORIENTED_EDGE ( 'NONE', *, *, #1788, .T. ) ;
#1605 = AXIS2_PLACEMENT_3D ( 'NONE', #337, #2584, #955 ) ;
#1606 = CARTESIAN_POINT ( 'NONE',  ( 38.10000000000000100, 3.479939372016722700, 2.759770219085474300 ) ) ;
#1607 = DIRECTION ( 'NONE',  ( 0.0000000000000000000, 0.0000000000000000000, 1.000000000000000000 ) ) ;
#1608 = PERSON_AND_ORGANIZATION_ROLE ( 'creator' ) ;
#1609 = ORIENTED_EDGE ( 'NONE', *, *, #2620, .T. ) ;
#1610 = LINE ( 'NONE', #743, #1861 ) ;
#1611 = LINE ( 'NONE', #657, #692 ) ;
#1612 = VECTOR ( 'NONE', #1751, 1000.000000000000000 ) ;
#1613 = ORIENTED_EDGE ( 'NONE', *, *, #1261, .F. ) ;
#1614 = ORIENTED_EDGE ( 'NONE', *, *, #67, .F. ) ;
#1615 = ORIENTED_EDGE ( 'NONE', *, *, #731, .T. ) ;
#1616 = FACE_OUTER_BOUND ( 'NONE', #407, .T. ) ;
#1617 = VECTOR ( 'NONE', #1642, 1000.000000000000000 ) ;
#1618 = AXIS2_PLACEMENT_3D ( 'NONE', #400, #2000, #393 ) ;
#1619 = LINE ( 'NONE', #162, #1009 ) ;
#1620 = EDGE_CURVE ( 'NONE', #1281, #717, #291, .T. ) ;
#1621 = CARTESIAN_POINT ( 'NONE',  ( -38.10000000000000100, 4.279900000000001400, -1.498600000000000200 ) ) ;
#1622 = DIRECTION ( 'NONE',  ( -1.000000000000000000, -0.0000000000000000000, 0.0000000000000000000 ) ) ;
#1623 = PLANE ( 'NONE',  #2394 ) ;
#1624 =( GEOMETRIC_REPRESENTATION_CONTEXT ( 3 ) GLOBAL_UNCERTAINTY_ASSIGNED_CONTEXT ( ( #2555 ) ) GLOBAL_UNIT_ASSIGNED_CONTEXT ( ( #339, #1750, #1556 ) ) REPRESENTATION_CONTEXT ( 'NONE', 'WORKASPACE' ) );
#1625 = ORIENTED_EDGE ( 'NONE', *, *, #1681, .T. ) ;
#1626 = ADVANCED_FACE ( 'NONE', ( #809 ), #327, .F. ) ;
#1627 = PLANE ( 'NONE',  #765 ) ;
#1628 = EDGE_LOOP ( 'NONE', ( #2044, #464, #1440, #135 ) ) ;
#1629 = CARTESIAN_POINT ( 'NONE',  ( 38.10000000000000100, 4.279900000000001400, -1.498599999999999900 ) ) ;
#1630 = VERTEX_POINT ( 'NONE', #2131 ) ;
#1631 = AXIS2_PLACEMENT_3D ( 'NONE', #2020, #2441, #304 ) ;
#1632 = CARTESIAN_POINT ( 'NONE',  ( 38.10000000000000100, 2.019299999999999900, 0.9265995604963832600 ) ) ;
#1633 = ORIENTED_EDGE ( 'NONE', *, *, #2172, .F. ) ;
#1634 = EDGE_LOOP ( 'NONE', ( #960, #1101, #1112, #68 ) ) ;
#1635 = CARTESIAN_POINT ( 'NONE',  ( -38.10000000000000100, 1.498600000000000400, -4.746000000000000400 ) ) ;
#1636 = ORGANIZATION ( 'UNSPECIFIED', 'UNSPECIFIED', '' ) ;
#1637 = VECTOR ( 'NONE', #819, 1000.000000000000000 ) ;
#1638 = LINE ( 'NONE', #106, #810 ) ;
#1639 = AXIS2_PLACEMENT_3D ( 'NONE', #2067, #848, #1050 ) ;
#1640 = ORIENTED_EDGE ( 'NONE', *, *, #67, .T. ) ;
#1641 = LINE ( 'NONE', #411, #2343 ) ;
#1642 = DIRECTION ( 'NONE',  ( 0.0000000000000000000, 5.582675850601247100E-015, 1.000000000000000000 ) ) ;
#1643 = CIRCLE ( 'NONE', #1145, 0.2539999999999998900 ) ;
#1644 = LINE ( 'NONE', #687, #2121 ) ;
#1645 = CARTESIAN_POINT ( 'NONE',  ( 38.10000000000000100, -4.279900000000001400, -1.498599999999999900 ) ) ;
#1646 = ORIENTED_EDGE ( 'NONE', *, *, #179, .T. ) ;
#1647 = CARTESIAN_POINT ( 'NONE',  ( -38.10000000000000100, -4.025900000000000000, 2.561056801418277300 ) ) ;
#1648 = AXIS2_PLACEMENT_3D ( 'NONE', #635, #808, #1439 ) ;
#1649 = EDGE_CURVE ( 'NONE', #1038, #569, #2353, .T. ) ;
#1650 = ORIENTED_EDGE ( 'NONE', *, *, #1408, .F. ) ;
#1651 = DIRECTION ( 'NONE',  ( 0.0000000000000000000, 1.000000000000000000, 0.0000000000000000000 ) ) ;
#1652 = EDGE_CURVE ( 'NONE', #2485, #1693, #2381, .T. ) ;
#1653 = VERTEX_POINT ( 'NONE', #729 ) ;
#1654 = VERTEX_POINT ( 'NONE', #1521 ) ;
#1655 = CARTESIAN_POINT ( 'NONE',  ( 38.10000000000000100, -4.279900000000001400, 1.498600000000000200 ) ) ;
#1656 = AXIS2_PLACEMENT_3D ( 'NONE', #2501, #1864, #53 ) ;
#1657 = ORIENTED_EDGE ( 'NONE', *, *, #143, .F. ) ;
#1658 = CARTESIAN_POINT ( 'NONE',  ( 38.10000000000000100, -4.025900000000000000, -1.752600000000001700 ) ) ;
#1659 = ORIENTED_EDGE ( 'NONE', *, *, #1456, .F. ) ;
#1660 = EDGE_CURVE ( 'NONE', #521, #1345, #1740, .T. ) ;
#1661 = EDGE_CURVE ( 'NONE', #453, #247, #1165, .T. ) ;
#1662 = DIRECTION ( 'NONE',  ( -1.000000000000000000, -0.0000000000000000000, 0.0000000000000000000 ) ) ;
#1663 = DIRECTION ( 'NONE',  ( 1.000000000000000000, 0.0000000000000000000, -0.0000000000000000000 ) ) ;
#1664 = ORIENTED_EDGE ( 'NONE', *, *, #470, .T. ) ;
#1665 = DIRECTION ( 'NONE',  ( -1.000000000000000000, 0.0000000000000000000, 0.0000000000000000000 ) ) ;
#1666 = CARTESIAN_POINT ( 'NONE',  ( -38.10000000000000100, -1.752599999999999900, -5.000000000000000000 ) ) ;
#1667 = ORIENTED_EDGE ( 'NONE', *, *, #1649, .F. ) ;
#1668 = ORIENTED_EDGE ( 'NONE', *, *, #1347, .F. ) ;
#1669 = LINE ( 'NONE', #1790, #13 ) ;
#1670 = VECTOR ( 'NONE', #1110, 1000.000000000000000 ) ;
#1671 = VECTOR ( 'NONE', #680, 1000.000000000000100 ) ;
#1672 = DIRECTION ( 'NONE',  ( 0.0000000000000000000, 1.000000000000000000, 0.0000000000000000000 ) ) ;
#1673 = CARTESIAN_POINT ( 'NONE',  ( -38.10000000000000100, 4.279900000000001400, -1.498599999999999900 ) ) ;
#1674 = EDGE_LOOP ( 'NONE', ( #603, #38, #1595, #1688 ) ) ;
#1675 = VECTOR ( 'NONE', #2468, 1000.000000000000000 ) ;
#1676 = FACE_OUTER_BOUND ( 'NONE', #1717, .T. ) ;
#1677 = DIRECTION ( 'NONE',  ( -1.000000000000000000, -0.0000000000000000000, -0.0000000000000000000 ) ) ;
#1678 = CARTESIAN_POINT ( 'NONE',  ( -38.10000000000000100, 1.498600000000002800, 4.279900000000005800 ) ) ;
#1679 = VECTOR ( 'NONE', #771, 1000.000000000000000 ) ;
#1680 = EDGE_CURVE ( 'NONE', #1538, #889, #1132, .T. ) ;
#1681 = EDGE_CURVE ( 'NONE', #331, #1389, #668, .T. ) ;
#1682 = DIRECTION ( 'NONE',  ( 0.0000000000000000000, 0.0000000000000000000, 1.000000000000000000 ) ) ;
#1683 = DIRECTION ( 'NONE',  ( 0.0000000000000000000, 0.0000000000000000000, 1.000000000000000000 ) ) ;
#1684 = CARTESIAN_POINT ( 'NONE',  ( -38.10000000000000100, 5.000000000000000000, 1.752599999999999900 ) ) ;
#1685 = VERTEX_POINT ( 'NONE', #298 ) ;
#1686 = EDGE_CURVE ( 'NONE', #569, #2021, #2516, .T. ) ;
#1687 = ORIENTED_EDGE ( 'NONE', *, *, #2523, .T. ) ;
#1688 = ORIENTED_EDGE ( 'NONE', *, *, #679, .T. ) ;
#1689 = CARTESIAN_POINT ( 'NONE',  ( -38.10000000000000100, -4.025900000000000000, 1.752600000000001700 ) ) ;
#1690 = AXIS2_PLACEMENT_3D ( 'NONE', #824, #2457, #1041 ) ;
#1691 = DIRECTION ( 'NONE',  ( 0.0000000000000000000, 0.6427876096865404700, -0.7660444431189770100 ) ) ;
#1692 = DIRECTION ( 'NONE',  ( 0.0000000000000000000, 0.0000000000000000000, 1.000000000000000000 ) ) ;
#1693 = VERTEX_POINT ( 'NONE', #1914 ) ;
#1694 = ORIENTED_EDGE ( 'NONE', *, *, #1506, .T. ) ;
#1695 = AXIS2_PLACEMENT_3D ( 'NONE', #1594, #1992, #794 ) ;
#1696 = DIRECTION ( 'NONE',  ( 0.0000000000000000000, 1.000000000000000000, 5.582675850601248700E-015 ) ) ;
#1697 = EDGE_CURVE ( 'NONE', #717, #2335, #1423, .T. ) ;
#1698 = EDGE_LOOP ( 'NONE', ( #310, #885, #574, #2502 ) ) ;
#1699 = DIRECTION ( 'NONE',  ( 0.0000000000000000000, 0.0000000000000000000, -1.000000000000000000 ) ) ;
#1700 = ORIENTED_EDGE ( 'NONE', *, *, #124, .F. ) ;
#1701 = LINE ( 'NONE', #2129, #2179 ) ;
#1702 = LINE ( 'NONE', #1297, #629 ) ;
#1703 = EDGE_LOOP ( 'NONE', ( #1890, #896, #2168, #776 ) ) ;
#1704 = CIRCLE ( 'NONE', #496, 0.3091431985817226800 ) ;
#1705 = VECTOR ( 'NONE', #998, 1000.000000000000000 ) ;
#1706 = VECTOR ( 'NONE', #1966, 1000.000000000000000 ) ;
#1707 = PRODUCT_DEFINITION_FORMATION_WITH_SPECIFIED_SOURCE ( 'ANY', '', #2014, .NOT_KNOWN. ) ;
#1708 = ORIENTED_EDGE ( 'NONE', *, *, #846, .T. ) ;
#1709 = VECTOR ( 'NONE', #2549, 1000.000000000000000 ) ;
#1710 = CARTESIAN_POINT ( 'NONE',  ( 38.10000000000000100, 2.273299999999999900, 0.9265995604963841400 ) ) ;
#1711 = DIRECTION ( 'NONE',  ( 1.000000000000000000, -0.0000000000000000000, 0.0000000000000000000 ) ) ;
#1712 = EDGE_CURVE ( 'NONE', #2196, #811, #1771, .T. ) ;
#1713 = ORIENTED_EDGE ( 'NONE', *, *, #1181, .T. ) ;
#1714 = DIRECTION ( 'NONE',  ( -1.000000000000000000, -0.0000000000000000000, -0.0000000000000000000 ) ) ;
#1715 = DIRECTION ( 'NONE',  ( 0.0000000000000000000, 0.0000000000000000000, -1.000000000000000000 ) ) ;
#1716 = CARTESIAN_POINT ( 'NONE',  ( 38.10000000000000100, 1.752600000000000400, 4.746000000000000400 ) ) ;
#1717 = EDGE_LOOP ( 'NONE', ( #1493, #2276, #2386, #1958 ) ) ;
#1718 = ORIENTED_EDGE ( 'NONE', *, *, #1270, .T. ) ;
#1719 = DIRECTION ( 'NONE',  ( 0.0000000000000000000, -0.0000000000000000000, -1.000000000000000000 ) ) ;
#1720 = ORIENTED_EDGE ( 'NONE', *, *, #1506, .F. ) ;
#1721 = DIRECTION ( 'NONE',  ( -1.000000000000000000, -0.0000000000000000000, -0.0000000000000000000 ) ) ;
#1722 = DIRECTION ( 'NONE',  ( 1.000000000000000000, 0.0000000000000000000, -0.0000000000000000000 ) ) ;
#1723 = CARTESIAN_POINT ( 'NONE',  ( 38.10000000000000100, -1.498600000000000400, 4.746000000000000400 ) ) ;
#1724 = EDGE_CURVE ( 'NONE', #2497, #948, #1256, .T. ) ;
#1725 = ORIENTED_EDGE ( 'NONE', *, *, #1375, .F. ) ;
#1726 = ORIENTED_EDGE ( 'NONE', *, *, #2402, .F. ) ;
#1727 = DIRECTION ( 'NONE',  ( -1.000000000000000000, 0.0000000000000000000, 0.0000000000000000000 ) ) ;
#1728 = EDGE_CURVE ( 'NONE', #638, #1450, #177, .T. ) ;
#1729 = FACE_OUTER_BOUND ( 'NONE', #2004, .T. ) ;
#1730 = LINE ( 'NONE', #151, #1767 ) ;
#1731 = VECTOR ( 'NONE', #482, 1000.000000000000000 ) ;
#1732 = CYLINDRICAL_SURFACE ( 'NONE', #2016, 0.3091431985817226800 ) ;
#1733 = CC_DESIGN_DATE_AND_TIME_ASSIGNMENT ( #345, #590, ( #1886 ) ) ;
#1734 = EDGE_CURVE ( 'NONE', #2577, #1384, #1077, .T. ) ;
#1735 = DIRECTION ( 'NONE',  ( 0.0000000000000000000, 0.0000000000000000000, -1.000000000000000000 ) ) ;
#1736 = ORIENTED_EDGE ( 'NONE', *, *, #979, .F. ) ;
#1737 = ORIENTED_EDGE ( 'NONE', *, *, #2127, .F. ) ;
#1738 = VECTOR ( 'NONE', #62, 1000.000000000000000 ) ;
#1739 = CYLINDRICAL_SURFACE ( 'NONE', #2472, 0.2539999999999998900 ) ;
#1740 = LINE ( 'NONE', #1284, #1285 ) ;
#1741 = AXIS2_PLACEMENT_3D ( 'NONE', #2301, #1901, #1692 ) ;
#1742 = DIRECTION ( 'NONE',  ( 1.000000000000000000, 0.0000000000000000000, 0.0000000000000000000 ) ) ;
#1743 = CARTESIAN_POINT ( 'NONE',  ( 38.10000000000000100, -3.479939372016722700, 2.759770219085474300 ) ) ;
#1744 = DIRECTION ( 'NONE',  ( 0.0000000000000000000, 0.0000000000000000000, -1.000000000000000000 ) ) ;
#1745 = CARTESIAN_POINT ( 'NONE',  ( 38.10000000000000100, -1.089867613356766400, 2.078724711447783100 ) ) ;
#1746 = CARTESIAN_POINT ( 'NONE',  ( -38.10000000000000100, -5.000000000000000000, -4.618999999999999800 ) ) ;
#1747 = AXIS2_PLACEMENT_3D ( 'NONE', #671, #1091, #1906 ) ;
#1748 = ORIENTED_EDGE ( 'NONE', *, *, #214, .T. ) ;
#1749 = EDGE_CURVE ( 'NONE', #1202, #2196, #22, .T. ) ;
#1750 =( NAMED_UNIT ( * ) PLANE_ANGLE_UNIT ( ) SI_UNIT ( $, .RADIAN. ) );
#1751 = DIRECTION ( 'NONE',  ( -1.000000000000000000, 0.0000000000000000000, -0.0000000000000000000 ) ) ;
#1752 = ORIENTED_EDGE ( 'NONE', *, *, #1347, .T. ) ;
#1753 = ORIENTED_EDGE ( 'NONE', *, *, #1939, .T. ) ;
#1754 = DIRECTION ( 'NONE',  ( 0.0000000000000000000, 0.0000000000000000000, -1.000000000000000000 ) ) ;
#1755 = DIRECTION ( 'NONE',  ( -0.0000000000000000000, 1.000000000000000000, -0.0000000000000000000 ) ) ;
#1756 = DIRECTION ( 'NONE',  ( 0.0000000000000000000, 0.0000000000000000000, -1.000000000000000000 ) ) ;
#1757 = CARTESIAN_POINT ( 'NONE',  ( -38.10000000000000100, 1.498600000000002800, -4.279900000000005800 ) ) ;
#1758 = VERTEX_POINT ( 'NONE', #1757 ) ;
#1759 = EDGE_CURVE ( 'NONE', #663, #638, #1196, .T. ) ;
#1760 = CARTESIAN_POINT ( 'NONE',  ( 38.10000000000000100, -2.561056801418280400, 4.025900000000004500 ) ) ;
#1761 = ORIENTED_EDGE ( 'NONE', *, *, #2543, .T. ) ;
#1762 = LINE ( 'NONE', #2105, #416 ) ;
#1763 = ADVANCED_FACE ( 'NONE', ( #1222 ), #1981, .F. ) ;
#1764 = VECTOR ( 'NONE', #92, 1000.000000000000000 ) ;
#1765 = CARTESIAN_POINT ( 'NONE',  ( 38.10000000000000100, -2.019299999999999900, -3.654958372055276700E-016 ) ) ;
#1766 = VERTEX_POINT ( 'NONE', #2442 ) ;
#1767 = VECTOR ( 'NONE', #740, 1000.000000000000000 ) ;
#1768 = FACE_OUTER_BOUND ( 'NONE', #2467, .T. ) ;
#1769 = LINE ( 'NONE', #34, #1580 ) ;
#1770 = ADVANCED_FACE ( 'NONE', ( #1902 ), #928, .F. ) ;
#1771 = CIRCLE ( 'NONE', #2518, 0.3810000000000002800 ) ;
#1772 = DIRECTION ( 'NONE',  ( 0.0000000000000000000, 0.0000000000000000000, -1.000000000000000000 ) ) ;
#1773 = CARTESIAN_POINT ( 'NONE',  ( 38.10000000000000100, -4.279900000000001400, 1.498599999999999900 ) ) ;
#1774 = AXIS2_PLACEMENT_3D ( 'NONE', #953, #767, #535 ) ;
#1775 = CARTESIAN_POINT ( 'NONE',  ( 38.10000000000000100, 4.746000000000000400, -1.752599999999999900 ) ) ;
#1776 = ORIENTED_EDGE ( 'NONE', *, *, #697, .F. ) ;
#1777 = ADVANCED_FACE ( 'NONE', ( #294 ), #148, .F. ) ;
#1778 = DIRECTION ( 'NONE',  ( -1.000000000000000000, 0.0000000000000000000, 0.0000000000000000000 ) ) ;
#1779 = ORIENTED_EDGE ( 'NONE', *, *, #1150, .F. ) ;
#1780 = CARTESIAN_POINT ( 'NONE',  ( 38.10000000000000100, -4.746000000000000400, 1.498599999999999900 ) ) ;
#1781 = PLANE ( 'NONE',  #744 ) ;
#1782 = EDGE_CURVE ( 'NONE', #1630, #344, #761, .T. ) ;
#1783 = ORIENTED_EDGE ( 'NONE', *, *, #797, .F. ) ;
#1784 = DIRECTION ( 'NONE',  ( -1.000000000000000000, -0.0000000000000000000, -0.0000000000000000000 ) ) ;
#1785 = PERSON_AND_ORGANIZATION_ROLE ( 'creator' ) ;
#1786 = CARTESIAN_POINT ( 'NONE',  ( 38.10000000000000100, -4.279900000000001400, -1.498600000000000200 ) ) ;
#1787 = ORIENTED_EDGE ( 'NONE', *, *, #598, .T. ) ;
#1788 = EDGE_CURVE ( 'NONE', #2049, #2497, #1318, .T. ) ;
#1789 = PRODUCT_DEFINITION_SHAPE ( 'NONE', 'NONE',  #2338 ) ;
#1790 = CARTESIAN_POINT ( 'NONE',  ( 38.10000000000000100, 4.618999999999999800, -5.000000000000000000 ) ) ;
#1791 = ADVANCED_FACE ( 'NONE', ( #881 ), #1151, .F. ) ;
#1792 = CARTESIAN_POINT ( 'NONE',  ( 38.10000000000000100, -2.561056801418280400, 4.025900000000004500 ) ) ;
#1793 = ORIENTED_EDGE ( 'NONE', *, *, #962, .T. ) ;
#1794 = CARTESIAN_POINT ( 'NONE',  ( 38.10000000000000100, -2.019299999999999900, 0.9265995604963832600 ) ) ;
#1795 = CARTESIAN_POINT ( 'NONE',  ( 38.10000000000000100, 4.618999999999999800, -5.000000000000000000 ) ) ;
#1796 = ORIENTED_EDGE ( 'NONE', *, *, #438, .F. ) ;
#1797 = LINE ( 'NONE', #1208, #1637 ) ;
#1798 = EDGE_LOOP ( 'NONE', ( #2161, #1668, #1263, #1625 ) ) ;
#1799 = CYLINDRICAL_SURFACE ( 'NONE', #1078, 0.2539999999999990000 ) ;
#1800 = EDGE_CURVE ( 'NONE', #2196, #1766, #1350, .T. ) ;
#1801 = FACE_OUTER_BOUND ( 'NONE', #2544, .T. ) ;
#1802 = CIRCLE ( 'NONE', #2194, 0.2539999999999998900 ) ;
#1803 = EDGE_CURVE ( 'NONE', #604, #1274, #2256, .T. ) ;
#1804 = ORIENTED_EDGE ( 'NONE', *, *, #1788, .F. ) ;
#1805 = DIRECTION ( 'NONE',  ( -1.000000000000000000, 0.0000000000000000000, -0.0000000000000000000 ) ) ;
#1806 = EDGE_LOOP ( 'NONE', ( #1609, #2028, #1581, #261 ) ) ;
#1807 = CIRCLE ( 'NONE', #267, 1.257300000000000300 ) ;
#1808 = VECTOR ( 'NONE', #449, 1000.000000000000000 ) ;
#1809 = DIRECTION ( 'NONE',  ( 1.000000000000000000, -0.0000000000000000000, 0.0000000000000000000 ) ) ;
#1810 = VECTOR ( 'NONE', #130, 1000.000000000000000 ) ;
#1811 = ADVANCED_FACE ( 'NONE', ( #791 ), #359, .T. ) ;
#1812 = DIRECTION ( 'NONE',  ( 0.0000000000000000000, 0.0000000000000000000, 1.000000000000000000 ) ) ;
#1813 = DIRECTION ( 'NONE',  ( -1.000000000000000000, -0.0000000000000000000, 0.0000000000000000000 ) ) ;
#1814 = DIRECTION ( 'NONE',  ( 0.0000000000000000000, -0.6427876096865402500, 0.7660444431189772400 ) ) ;
#1815 = APPROVAL_ROLE ( '' ) ;
#1816 = ORIENTED_EDGE ( 'NONE', *, *, #1850, .T. ) ;
#1817 = EDGE_CURVE ( 'NONE', #1584, #2111, #2460, .T. ) ;
#1818 = ORIENTED_EDGE ( 'NONE', *, *, #1083, .F. ) ;
#1819 = ORIENTED_EDGE ( 'NONE', *, *, #154, .F. ) ;
#1820 = DIRECTION ( 'NONE',  ( 0.0000000000000000000, 1.000000000000000000, 0.0000000000000000000 ) ) ;
#1821 = CARTESIAN_POINT ( 'NONE',  ( -38.10000000000000100, -1.498600000000000400, 4.746000000000000400 ) ) ;
#1822 = DIRECTION ( 'NONE',  ( -1.000000000000000000, -0.0000000000000000000, -0.0000000000000000000 ) ) ;
#1823 = EDGE_CURVE ( 'NONE', #2262, #2532, #1552, .T. ) ;
#1824 = DIRECTION ( 'NONE',  ( 0.0000000000000000000, 0.6427876096865404700, 0.7660444431189770100 ) ) ;
#1825 = CARTESIAN_POINT ( 'NONE',  ( -38.10000000000000100, 1.089867613356766400, -2.078724711447783100 ) ) ;
#1826 = ORIENTED_EDGE ( 'NONE', *, *, #2286, .T. ) ;
#1827 = AXIS2_PLACEMENT_3D ( 'NONE', #1279, #1905, #1086 ) ;
#1828 = DIRECTION ( 'NONE',  ( -1.000000000000000000, -0.0000000000000000000, -0.0000000000000000000 ) ) ;
#1829 = DIRECTION ( 'NONE',  ( -1.000000000000000000, -0.0000000000000000000, 0.0000000000000000000 ) ) ;
#1830 = VERTEX_POINT ( 'NONE', #1464 ) ;
#1831 = CYLINDRICAL_SURFACE ( 'NONE', #2035, 0.2539999999999998900 ) ;
#1832 = VECTOR ( 'NONE', #1946, 1000.000000000000000 ) ;
#1833 = CIRCLE ( 'NONE', #1741, 0.3091431985817226800 ) ;
#1834 = VERTEX_POINT ( 'NONE', #1267 ) ;
#1835 = FACE_OUTER_BOUND ( 'NONE', #258, .T. ) ;
#1836 = FACE_OUTER_BOUND ( 'NONE', #1634, .T. ) ;
#1837 = CARTESIAN_POINT ( 'NONE',  ( 38.10000000000000100, 1.752600000000001700, 4.025900000000004500 ) ) ;
#1838 = DIRECTION ( 'NONE',  ( 1.000000000000000000, -0.0000000000000000000, -0.0000000000000000000 ) ) ;
#1839 = VECTOR ( 'NONE', #119, 1000.000000000000000 ) ;
#1840 = EDGE_CURVE ( 'NONE', #1885, #750, #325, .T. ) ;
#1841 = DIRECTION ( 'NONE',  ( -1.000000000000000000, -0.0000000000000000000, -0.0000000000000000000 ) ) ;
#1842 = EDGE_CURVE ( 'NONE', #893, #889, #488, .T. ) ;
#1843 = DIRECTION ( 'NONE',  ( 0.0000000000000000000, 0.0000000000000000000, -1.000000000000000000 ) ) ;
#1844 = CARTESIAN_POINT ( 'NONE',  ( -38.10000000000000100, 4.025900000000000000, -1.752600000000001700 ) ) ;
#1845 = APPROVAL ( #379, 'UNSPECIFIED' ) ;
#1846 = CARTESIAN_POINT ( 'NONE',  ( -38.10000000000000100, 4.336808689942017700E-016, -2.019300000000002500 ) ) ;
#1847 = ORIENTED_EDGE ( 'NONE', *, *, #1371, .F. ) ;
#1848 = ORIENTED_EDGE ( 'NONE', *, *, #1734, .F. ) ;
#1849 = ORIENTED_EDGE ( 'NONE', *, *, #54, .F. ) ;
#1850 = EDGE_CURVE ( 'NONE', #1216, #1336, #113, .T. ) ;
#1851 = EDGE_CURVE ( 'NONE', #891, #1173, #728, .T. ) ;
#1852 = EDGE_LOOP ( 'NONE', ( #859, #1339, #876, #1761 ) ) ;
#1853 = DIRECTION ( 'NONE',  ( 0.0000000000000000000, -0.7660444431189772400, 0.6427876096865402500 ) ) ;
#1854 = DIRECTION ( 'NONE',  ( 1.000000000000000000, 0.0000000000000000000, 0.0000000000000000000 ) ) ;
#1855 = CARTESIAN_POINT ( 'NONE',  ( 38.10000000000000100, -1.084202172485504400E-016, -1.626303258728256700E-015 ) ) ;
#1856 = ORIENTED_EDGE ( 'NONE', *, *, #1461, .T. ) ;
#1857 = VERTEX_POINT ( 'NONE', #363 ) ;
#1858 = SHAPE_DEFINITION_REPRESENTATION ( #1789, #2302 ) ;
#1859 = VECTOR ( 'NONE', #623, 1000.000000000000000 ) ;
#1860 = ORIENTED_EDGE ( 'NONE', *, *, #2427, .T. ) ;
#1861 = VECTOR ( 'NONE', #1119, 1000.000000000000000 ) ;
#1862 = CIRCLE ( 'NONE', #826, 0.2539999999999990000 ) ;
#1863 = LINE ( 'NONE', #340, #1612 ) ;
#1864 = DIRECTION ( 'NONE',  ( 0.0000000000000000000, -1.000000000000000000, -5.582675850601248700E-015 ) ) ;
#1865 = ORIENTED_EDGE ( 'NONE', *, *, #1601, .F. ) ;
#1866 = EDGE_CURVE ( 'NONE', #2363, #1085, #1870, .T. ) ;
#1867 = ORIENTED_EDGE ( 'NONE', *, *, #735, .F. ) ;
#1868 = LINE ( 'NONE', #1943, #1314 ) ;
#1869 = CYLINDRICAL_SURFACE ( 'NONE', #299, 0.2539999999999998900 ) ;
#1870 = LINE ( 'NONE', #1773, #2191 ) ;
#1871 = CARTESIAN_POINT ( 'NONE',  ( -38.10000000000000100, -4.618999999999999800, -4.618999999999999800 ) ) ;
#1872 = CARTESIAN_POINT ( 'NONE',  ( -38.10000000000000100, -3.716756801418277200, -2.561056801418277300 ) ) ;
#1873 = EDGE_CURVE ( 'NONE', #654, #1333, #2314, .T. ) ;
#1874 = PLANE ( 'NONE',  #2606 ) ;
#1875 = CARTESIAN_POINT ( 'NONE',  ( 38.10000000000000100, -4.746000000000000400, 1.752599999999999900 ) ) ;
#1876 = CC_DESIGN_SECURITY_CLASSIFICATION ( #1886, ( #1707 ) ) ;
#1877 = EDGE_CURVE ( 'NONE', #972, #242, #941, .T. ) ;
#1878 = DIRECTION ( 'NONE',  ( 1.000000000000000000, 0.0000000000000000000, -0.0000000000000000000 ) ) ;
#1879 = ORIENTED_EDGE ( 'NONE', *, *, #1104, .T. ) ;
#1880 = DIRECTION ( 'NONE',  ( 0.0000000000000000000, -0.7660444431189772400, -0.6427876096865402500 ) ) ;
#1881 = AXIS2_PLACEMENT_3D ( 'NONE', #366, #1008, #2391 ) ;
#1882 = CARTESIAN_POINT ( 'NONE',  ( 38.10000000000000100, -4.618999999999999800, 4.618999999999999800 ) ) ;
#1883 = ORIENTED_EDGE ( 'NONE', *, *, #980, .T. ) ;
#1884 = CARTESIAN_POINT ( 'NONE',  ( 38.10000000000000100, -3.479939372016722700, -2.759770219085474300 ) ) ;
#1885 = VERTEX_POINT ( 'NONE', #943 ) ;
#1886 = SECURITY_CLASSIFICATION ( '', '', #1399 ) ;
#1887 = EDGE_CURVE ( 'NONE', #1345, #2506, #2581, .T. ) ;
#1888 = ORIENTED_EDGE ( 'NONE', *, *, #2364, .F. ) ;
#1889 = DIRECTION ( 'NONE',  ( 0.0000000000000000000, -1.000000000000000000, 0.0000000000000000000 ) ) ;
#1890 = ORIENTED_EDGE ( 'NONE', *, *, #187, .F. ) ;
#1891 = ORIENTED_EDGE ( 'NONE', *, *, #2139, .T. ) ;
#1892 = AXIS2_PLACEMENT_3D ( 'NONE', #398, #587, #593 ) ;
#1893 = VECTOR ( 'NONE', #397, 1000.000000000000000 ) ;
#1894 = LINE ( 'NONE', #1075, #1343 ) ;
#1895 = ORIENTED_EDGE ( 'NONE', *, *, #1712, .T. ) ;
#1896 = DIRECTION ( 'NONE',  ( 0.0000000000000000000, 0.0000000000000000000, -1.000000000000000000 ) ) ;
#1897 = VERTEX_POINT ( 'NONE', #951 ) ;
#1898 = ORIENTED_EDGE ( 'NONE', *, *, #2231, .T. ) ;
#1899 = CIRCLE ( 'NONE', #759, 0.2539999999999998900 ) ;
#1900 = VECTOR ( 'NONE', #223, 1000.000000000000000 ) ;
#1901 = DIRECTION ( 'NONE',  ( 1.000000000000000000, -0.0000000000000000000, -0.0000000000000000000 ) ) ;
#1902 = FACE_OUTER_BOUND ( 'NONE', #2293, .T. ) ;
#1903 = EDGE_CURVE ( 'NONE', #534, #483, #575, .T. ) ;
#1904 = CARTESIAN_POINT ( 'NONE',  ( -38.10000000000000100, -1.498600000000002800, 4.279900000000005800 ) ) ;
#1905 = DIRECTION ( 'NONE',  ( -1.000000000000000000, -0.0000000000000000000, -0.0000000000000000000 ) ) ;
#1906 = DIRECTION ( 'NONE',  ( 0.0000000000000000000, 0.0000000000000000000, 1.000000000000000000 ) ) ;
#1907 = EDGE_LOOP ( 'NONE', ( #2203, #322, #766, #920 ) ) ;
#1908 = ORIENTED_EDGE ( 'NONE', *, *, #222, .F. ) ;
#1909 = VERTEX_POINT ( 'NONE', #2618 ) ;
#1910 = AXIS2_PLACEMENT_3D ( 'NONE', #1271, #83, #2299 ) ;
#1911 = DIRECTION ( 'NONE',  ( -1.000000000000000000, -0.0000000000000000000, -0.0000000000000000000 ) ) ;
#1912 = ADVANCED_FACE ( 'NONE', ( #695 ), #2193, .F. ) ;
#1913 = ORIENTED_EDGE ( 'NONE', *, *, #1973, .T. ) ;
#1914 = CARTESIAN_POINT ( 'NONE',  ( -38.10000000000000100, -2.019299999999999900, 0.9265995604963832600 ) ) ;
#1915 = CARTESIAN_POINT ( 'NONE',  ( -38.10000000000000100, 4.025900000000000000, -2.561056801418277300 ) ) ;
#1916 = AXIS2_PLACEMENT_3D ( 'NONE', #835, #1838, #249 ) ;
#1917 = DIRECTION ( 'NONE',  ( 0.0000000000000000000, 0.0000000000000000000, -1.000000000000000000 ) ) ;
#1918 = EDGE_CURVE ( 'NONE', #1758, #1237, #1619, .T. ) ;
#1919 = ORIENTED_EDGE ( 'NONE', *, *, #586, .T. ) ;
#1920 = DIRECTION ( 'NONE',  ( -1.000000000000000000, -0.0000000000000000000, -0.0000000000000000000 ) ) ;
#1921 = EDGE_CURVE ( 'NONE', #1940, #2184, #2289, .T. ) ;
#1922 = ORIENTED_EDGE ( 'NONE', *, *, #2431, .T. ) ;
#1923 = APPROVAL_DATE_TIME ( #683, #1845 ) ;
#1924 = CIRCLE ( 'NONE', #2060, 0.2539999999999997800 ) ;
#1925 = CARTESIAN_POINT ( 'NONE',  ( 38.10000000000000100, 2.561056801418280400, 4.025900000000004500 ) ) ;
#1926 = ORIENTED_EDGE ( 'NONE', *, *, #1697, .T. ) ;
#1927 = VECTOR ( 'NONE', #2133, 1000.000000000000000 ) ;
#1928 = CIRCLE ( 'NONE', #405, 0.3810000000000002800 ) ;
#1929 = VECTOR ( 'NONE', #622, 1000.000000000000100 ) ;
#1930 = ORIENTED_EDGE ( 'NONE', *, *, #1728, .T. ) ;
#1931 = AXIS2_PLACEMENT_3D ( 'NONE', #1159, #1312, #326 ) ;
#1932 = EDGE_LOOP ( 'NONE', ( #2524, #676, #823, #591 ) ) ;
#1933 = LINE ( 'NONE', #520, #2578 ) ;
#1934 = DIRECTION ( 'NONE',  ( -1.000000000000000000, 0.0000000000000000000, 0.0000000000000000000 ) ) ;
#1935 = LINE ( 'NONE', #75, #1961 ) ;
#1936 = CARTESIAN_POINT ( 'NONE',  ( 38.10000000000000100, 5.000000000000000000, -4.618999999999999800 ) ) ;
#1937 = CARTESIAN_POINT ( 'NONE',  ( 38.10000000000000100, -1.752600000000001700, -4.279900000000003100 ) ) ;
#1938 = AXIS2_PLACEMENT_3D ( 'NONE', #321, #1722, #1005 ) ;
#1939 = EDGE_CURVE ( 'NONE', #1237, #218, #420, .T. ) ;
#1940 = VERTEX_POINT ( 'NONE', #1352 ) ;
#1941 = DIRECTION ( 'NONE',  ( 1.000000000000000000, -0.0000000000000000000, 0.0000000000000000000 ) ) ;
#1942 = ORIENTED_EDGE ( 'NONE', *, *, #71, .F. ) ;
#1943 = CARTESIAN_POINT ( 'NONE',  ( 38.10000000000000100, 1.089867613356766400, 2.078724711447783100 ) ) ;
#1944 = VERTEX_POINT ( 'NONE', #1794 ) ;
#1945 = MECHANICAL_CONTEXT ( 'NONE', #2562, 'mechanical' ) ;
#1946 = DIRECTION ( 'NONE',  ( -1.000000000000000000, -0.0000000000000000000, 0.0000000000000000000 ) ) ;
#1947 = EDGE_LOOP ( 'NONE', ( #2250, #269, #2416, #2077 ) ) ;
#1948 = EDGE_CURVE ( 'NONE', #569, #2124, #938, .T. ) ;
#1949 = PLANE ( 'NONE',  #228 ) ;
#1950 = ORIENTED_EDGE ( 'NONE', *, *, #1567, .T. ) ;
#1951 = DIRECTION ( 'NONE',  ( -1.000000000000000000, -0.0000000000000000000, 0.0000000000000000000 ) ) ;
#1952 = DIRECTION ( 'NONE',  ( -1.000000000000000000, 0.0000000000000000000, -0.0000000000000000000 ) ) ;
#1953 = ORIENTED_EDGE ( 'NONE', *, *, #1749, .F. ) ;
#1954 = LINE ( 'NONE', #1528, #478 ) ;
#1955 = CIRCLE ( 'NONE', #792, 0.2539999999999997800 ) ;
#1956 = CARTESIAN_POINT ( 'NONE',  ( 38.10000000000000100, 1.752600000000001700, -4.025900000000004500 ) ) ;
#1957 = CARTESIAN_POINT ( 'NONE',  ( 38.10000000000000100, -1.084202172485504400E-016, -1.626303258728256700E-015 ) ) ;
#1958 = ORIENTED_EDGE ( 'NONE', *, *, #313, .T. ) ;
#1959 = ORIENTED_EDGE ( 'NONE', *, *, #584, .T. ) ;
#1960 = CYLINDRICAL_SURFACE ( 'NONE', #410, 0.3091431985817226800 ) ;
#1961 = VECTOR ( 'NONE', #1468, 1000.000000000000000 ) ;
#1962 = PLANE ( 'NONE',  #1024 ) ;
#1963 = VECTOR ( 'NONE', #2175, 1000.000000000000100 ) ;
#1964 = DIRECTION ( 'NONE',  ( 0.0000000000000000000, 0.6427876096865404700, -0.7660444431189771300 ) ) ;
#1965 = AXIS2_PLACEMENT_3D ( 'NONE', #1490, #283, #2503 ) ;
#1966 = DIRECTION ( 'NONE',  ( -1.000000000000000000, 0.0000000000000000000, 0.0000000000000000000 ) ) ;
#1967 = ADVANCED_FACE ( 'NONE', ( #1515 ), #878, .F. ) ;
#1968 = DIRECTION ( 'NONE',  ( -1.000000000000000000, -0.0000000000000000000, 0.0000000000000000000 ) ) ;
#1969 = ORIENTED_EDGE ( 'NONE', *, *, #1238, .T. ) ;
#1970 = EDGE_CURVE ( 'NONE', #1450, #1274, #543, .T. ) ;
#1971 = CARTESIAN_POINT ( 'NONE',  ( 38.10000000000000100, -1.752599999999999900, -5.000000000000000000 ) ) ;
#1972 = ORIENTED_EDGE ( 'NONE', *, *, #1970, .T. ) ;
#1973 = EDGE_CURVE ( 'NONE', #2370, #218, #973, .T. ) ;
#1974 = ORIENTED_EDGE ( 'NONE', *, *, #1315, .F. ) ;
#1975 = CARTESIAN_POINT ( 'NONE',  ( 38.10000000000000100, -1.752600000000001700, 4.025900000000004500 ) ) ;
#1976 = VERTEX_POINT ( 'NONE', #224 ) ;
#1977 = DIRECTION ( 'NONE',  ( -1.000000000000000000, 0.0000000000000000000, 0.0000000000000000000 ) ) ;
#1978 = CC_DESIGN_APPROVAL ( #1845, ( #1707 ) ) ;
#1979 = ADVANCED_FACE ( 'NONE', ( #665 ), #1960, .F. ) ;
#1980 = DIRECTION ( 'NONE',  ( -1.000000000000000000, -0.0000000000000000000, -0.0000000000000000000 ) ) ;
#1981 = PLANE ( 'NONE',  #378 ) ;
#1982 = ORIENTED_EDGE ( 'NONE', *, *, #882, .T. ) ;
#1983 = EDGE_CURVE ( 'NONE', #1274, #247, #80, .T. ) ;
#1984 = EDGE_CURVE ( 'NONE', #242, #742, #1254, .T. ) ;
#1985 = PLANE ( 'NONE',  #1892 ) ;
#1986 = EDGE_LOOP ( 'NONE', ( #1865, #354, #1021, #836 ) ) ;
#1987 = CALENDAR_DATE ( 2025, 6, 1 ) ;
#1988 = LINE ( 'NONE', #2522, #1213 ) ;
#1989 = CARTESIAN_POINT ( 'NONE',  ( 38.10000000000000100, 2.759770219085476000, 3.479939372016725800 ) ) ;
#1990 = ORIENTED_EDGE ( 'NONE', *, *, #1181, .F. ) ;
#1991 = FACE_OUTER_BOUND ( 'NONE', #2486, .T. ) ;
#1992 = DIRECTION ( 'NONE',  ( 0.0000000000000000000, 0.0000000000000000000, 1.000000000000000000 ) ) ;
#1993 = VECTOR ( 'NONE', #1691, 1000.000000000000100 ) ;
#1994 = LINE ( 'NONE', #634, #1387 ) ;
#1995 = ADVANCED_FACE ( 'NONE', ( #1482 ), #991, .F. ) ;
#1996 = ORIENTED_EDGE ( 'NONE', *, *, #421, .F. ) ;
#1997 = CYLINDRICAL_SURFACE ( 'NONE', #1484, 0.2539999999999998900 ) ;
#1998 = FACE_OUTER_BOUND ( 'NONE', #1674, .T. ) ;
#1999 = DIRECTION ( 'NONE',  ( 0.0000000000000000000, -1.000000000000000000, 0.0000000000000000000 ) ) ;
#2000 = DIRECTION ( 'NONE',  ( 1.000000000000000000, -0.0000000000000000000, -0.0000000000000000000 ) ) ;
#2001 = DIRECTION ( 'NONE',  ( 0.0000000000000000000, -5.582675850601247100E-015, -1.000000000000000000 ) ) ;
#2002 = DIRECTION ( 'NONE',  ( -1.000000000000000000, -0.0000000000000000000, -0.0000000000000000000 ) ) ;
#2003 = EDGE_CURVE ( 'NONE', #1584, #2009, #813, .T. ) ;
#2004 = EDGE_LOOP ( 'NONE', ( #2561, #1004, #746, #1233 ) ) ;
#2005 = CARTESIAN_POINT ( 'NONE',  ( 38.10000000000000100, -5.000000000000000000, -4.618999999999999800 ) ) ;
#2006 = ADVANCED_FACE ( 'NONE', ( #789 ), #1623, .F. ) ;
#2007 = CARTESIAN_POINT ( 'NONE',  ( 38.10000000000000100, 2.561056801418280400, -4.025900000000004500 ) ) ;
#2008 = EDGE_CURVE ( 'NONE', #195, #2153, #146, .T. ) ;
#2009 = VERTEX_POINT ( 'NONE', #821 ) ;
#2010 = PERSON_AND_ORGANIZATION_ROLE ( 'design_supplier' ) ;
#2011 = CARTESIAN_POINT ( 'NONE',  ( 38.10000000000000100, -1.089867613356766400, -2.078724711447783100 ) ) ;
#2012 = ORIENTED_EDGE ( 'NONE', *, *, #1327, .F. ) ;
#2013 = EDGE_CURVE ( 'NONE', #1266, #2505, #2224, .T. ) ;
#2014 = PRODUCT ( '5969N11_Miniature T-Slotted Framing', '5969N11_Miniature T-Slotted Framing', '', ( #1945 ) ) ;
#2015 = CARTESIAN_POINT ( 'NONE',  ( -38.10000000000000100, -4.025900000000000000, -1.752600000000001700 ) ) ;
#2016 = AXIS2_PLACEMENT_3D ( 'NONE', #548, #1952, #2160 ) ;
#2017 = CARTESIAN_POINT ( 'NONE',  ( 38.10000000000000100, 5.000000000000000000, 4.618999999999999800 ) ) ;
#2018 = CARTESIAN_POINT ( 'NONE',  ( 38.10000000000000100, -4.025900000000000000, -2.561056801418277300 ) ) ;
#2019 = ORIENTED_EDGE ( 'NONE', *, *, #843, .T. ) ;
#2020 = CARTESIAN_POINT ( 'NONE',  ( 38.10000000000000100, -2.561056801418280000, 3.716756801418281200 ) ) ;
#2021 = VERTEX_POINT ( 'NONE', #1195 ) ;
#2022 = DATE_AND_TIME ( #382, #2306 ) ;
#2023 = AXIS2_PLACEMENT_3D ( 'NONE', #134, #115, #2356 ) ;
#2024 = LINE ( 'NONE', #783, #1893 ) ;
#2025 = LINE ( 'NONE', #1454, #2509 ) ;
#2026 = EDGE_CURVE ( 'NONE', #1525, #1311, #1346, .T. ) ;
#2027 = ORIENTED_EDGE ( 'NONE', *, *, #1426, .T. ) ;
#2028 = ORIENTED_EDGE ( 'NONE', *, *, #2494, .F. ) ;
#2029 = VECTOR ( 'NONE', #2491, 1000.000000000000000 ) ;
#2030 = DIRECTION ( 'NONE',  ( 0.0000000000000000000, 1.000000000000000000, 0.0000000000000000000 ) ) ;
#2031 = LINE ( 'NONE', #2037, #2092 ) ;
#2032 = CARTESIAN_POINT ( 'NONE',  ( -38.10000000000000100, 4.618999999999999800, 4.618999999999999800 ) ) ;
#2033 = VECTOR ( 'NONE', #2605, 1000.000000000000000 ) ;
#2034 = DIRECTION ( 'NONE',  ( -0.0000000000000000000, -0.0000000000000000000, 1.000000000000000000 ) ) ;
#2035 = AXIS2_PLACEMENT_3D ( 'NONE', #952, #133, #2366 ) ;
#2036 = DIRECTION ( 'NONE',  ( 0.0000000000000000000, 1.000000000000000000, -5.582675850601248700E-015 ) ) ;
#2037 = CARTESIAN_POINT ( 'NONE',  ( 38.10000000000000100, 1.752599999999999900, -5.000000000000000000 ) ) ;
#2038 = CARTESIAN_POINT ( 'NONE',  ( 38.10000000000000100, 0.9265995604963851400, -2.273300000000003000 ) ) ;
#2039 = ORIENTED_EDGE ( 'NONE', *, *, #2202, .F. ) ;
#2040 = AXIS2_PLACEMENT_3D ( 'NONE', #2428, #3, #1401 ) ;
#2041 = VERTEX_POINT ( 'NONE', #2447 ) ;
#2042 = CARTESIAN_POINT ( 'NONE',  ( 38.10000000000000100, 5.000000000000000000, -1.752599999999999900 ) ) ;
#2043 = DIRECTION ( 'NONE',  ( 0.0000000000000000000, 0.0000000000000000000, 1.000000000000000000 ) ) ;
#2044 = ORIENTED_EDGE ( 'NONE', *, *, #256, .F. ) ;
#2045 = DIRECTION ( 'NONE',  ( 0.0000000000000000000, 0.0000000000000000000, -1.000000000000000000 ) ) ;
#2046 = ORIENTED_EDGE ( 'NONE', *, *, #124, .T. ) ;
#2047 = CARTESIAN_POINT ( 'NONE',  ( 38.10000000000000100, -1.089867613356766400, -2.078724711447783100 ) ) ;
#2048 = DIRECTION ( 'NONE',  ( -0.0000000000000000000, -0.6427876096865404700, 0.7660444431189770100 ) ) ;
#2049 = VERTEX_POINT ( 'NONE', #1224 ) ;
#2050 = DIRECTION ( 'NONE',  ( 0.0000000000000000000, 0.7660444431189771300, 0.6427876096865404700 ) ) ;
#2051 = ORIENTED_EDGE ( 'NONE', *, *, #406, .F. ) ;
#2052 = COORDINATED_UNIVERSAL_TIME_OFFSET ( 6, 0, .BEHIND. ) ;
#2053 = CIRCLE ( 'NONE', #688, 0.2539999999999998900 ) ;
#2054 = ORIENTED_EDGE ( 'NONE', *, *, #2290, .T. ) ;
#2055 = EDGE_LOOP ( 'NONE', ( #1209, #511, #2046, #1211 ) ) ;
#2056 = FACE_OUTER_BOUND ( 'NONE', #1628, .T. ) ;
#2057 = CYLINDRICAL_SURFACE ( 'NONE', #1017, 0.2539999999999998900 ) ;
#2058 = VECTOR ( 'NONE', #2266, 1000.000000000000000 ) ;
#2059 = DIRECTION ( 'NONE',  ( 0.0000000000000000000, 0.0000000000000000000, 1.000000000000000000 ) ) ;
#2060 = AXIS2_PLACEMENT_3D ( 'NONE', #1179, #1809, #984 ) ;
#2061 = EDGE_LOOP ( 'NONE', ( #1154, #1357, #1313, #1687 ) ) ;
#2062 = CIRCLE ( 'NONE', #48, 0.2539999999999990000 ) ;
#2063 = EDGE_CURVE ( 'NONE', #946, #2470, #725, .T. ) ;
#2064 = VECTOR ( 'NONE', #255, 1000.000000000000000 ) ;
#2065 = DIRECTION ( 'NONE',  ( 0.0000000000000000000, 0.0000000000000000000, 1.000000000000000000 ) ) ;
#2066 = EDGE_CURVE ( 'NONE', #447, #2348, #19, .T. ) ;
#2067 = CARTESIAN_POINT ( 'NONE',  ( 38.10000000000000100, 4.336808689942017700E-016, 2.019300000000002500 ) ) ;
#2068 = AXIS2_PLACEMENT_3D ( 'NONE', #1971, #944, #1742 ) ;
#2069 = CARTESIAN_POINT ( 'NONE',  ( 38.10000000000000100, 3.716756801418277200, 2.561056801418277300 ) ) ;
#2070 = CARTESIAN_POINT ( 'NONE',  ( -38.10000000000000100, 4.025900000000000000, -2.561056801418277300 ) ) ;
#2071 = PLANE ( 'NONE',  #1425 ) ;
#2072 = ORIENTED_EDGE ( 'NONE', *, *, #2290, .F. ) ;
#2073 = CARTESIAN_POINT ( 'NONE',  ( 38.10000000000000100, -2.561056801418280400, 4.025900000000004500 ) ) ;
#2074 = EDGE_LOOP ( 'NONE', ( #655, #1003, #1324, #1032 ) ) ;
#2075 = AXIS2_PLACEMENT_3D ( 'NONE', #462, #802, #1427 ) ;
#2076 = EDGE_CURVE ( 'NONE', #2590, #1857, #207, .T. ) ;
#2077 = ORIENTED_EDGE ( 'NONE', *, *, #1803, .T. ) ;
#2078 = CARTESIAN_POINT ( 'NONE',  ( -38.10000000000000100, -4.279900000000001400, -1.498600000000000200 ) ) ;
#2079 = CARTESIAN_POINT ( 'NONE',  ( 38.10000000000000100, -1.752600000000000400, 4.746000000000000400 ) ) ;
#2080 = CARTESIAN_POINT ( 'NONE',  ( 38.10000000000000100, -3.716756801418277200, 2.561056801418277300 ) ) ;
#2081 = DIRECTION ( 'NONE',  ( -1.000000000000000000, 0.0000000000000000000, 0.0000000000000000000 ) ) ;
#2082 = ORIENTED_EDGE ( 'NONE', *, *, #203, .F. ) ;
#2083 = CARTESIAN_POINT ( 'NONE',  ( -38.10000000000000100, 1.498600000000000400, 4.746000000000000400 ) ) ;
#2084 = CARTESIAN_POINT ( 'NONE',  ( -38.10000000000000100, 3.716756801418277200, -2.561056801418277300 ) ) ;
#2085 = EDGE_LOOP ( 'NONE', ( #1292, #1569, #91, #1446 ) ) ;
#2086 = LINE ( 'NONE', #8, #76 ) ;
#2087 = LINE ( 'NONE', #939, #264 ) ;
#2088 = ORIENTED_EDGE ( 'NONE', *, *, #2563, .T. ) ;
#2089 = ORIENTED_EDGE ( 'NONE', *, *, #1759, .T. ) ;
#2090 = LINE ( 'NONE', #897, #292 ) ;
#2091 = EDGE_CURVE ( 'NONE', #218, #1328, #2125, .T. ) ;
#2092 = VECTOR ( 'NONE', #1651, 1000.000000000000000 ) ;
#2093 = VECTOR ( 'NONE', #1968, 1000.000000000000000 ) ;
#2094 = CARTESIAN_POINT ( 'NONE',  ( 38.10000000000000100, 2.078724711447780500, 1.089867613356766200 ) ) ;
#2095 = DIRECTION ( 'NONE',  ( -0.0000000000000000000, -1.000000000000000000, -0.0000000000000000000 ) ) ;
#2096 = CARTESIAN_POINT ( 'NONE',  ( 38.10000000000000100, -1.089867613356766400, 2.078724711447783100 ) ) ;
#2097 = CARTESIAN_POINT ( 'NONE',  ( -38.10000000000000100, -1.498600000000000400, -4.746000000000000400 ) ) ;
#2098 = EDGE_LOOP ( 'NONE', ( #2319, #1736, #250, #647 ) ) ;
#2099 = AXIS2_PLACEMENT_3D ( 'NONE', #502, #726, #2320 ) ;
#2100 = ORIENTED_EDGE ( 'NONE', *, *, #438, .T. ) ;
#2101 = DIRECTION ( 'NONE',  ( -1.000000000000000000, 0.0000000000000000000, -0.0000000000000000000 ) ) ;
#2102 = VERTEX_POINT ( 'NONE', #999 ) ;
#2103 = CARTESIAN_POINT ( 'NONE',  ( 38.10000000000000100, -1.498600000000000400, -4.746000000000000400 ) ) ;
#2104 = AXIS2_PLACEMENT_3D ( 'NONE', #912, #1714, #1917 ) ;
#2105 = CARTESIAN_POINT ( 'NONE',  ( -38.10000000000000100, 4.025900000000000000, 2.561056801418277300 ) ) ;
#2106 = EDGE_CURVE ( 'NONE', #1598, #376, #1421, .T. ) ;
#2107 = DIRECTION ( 'NONE',  ( -1.000000000000000000, -0.0000000000000000000, -0.0000000000000000000 ) ) ;
#2108 = DIRECTION ( 'NONE',  ( -1.000000000000000000, -0.0000000000000000000, -0.0000000000000000000 ) ) ;
#2109 = EDGE_CURVE ( 'NONE', #891, #1182, #1899, .T. ) ;
#2110 = DIRECTION ( 'NONE',  ( 0.0000000000000000000, 0.0000000000000000000, 1.000000000000000000 ) ) ;
#2111 = VERTEX_POINT ( 'NONE', #274 ) ;
#2112 = ORIENTED_EDGE ( 'NONE', *, *, #2558, .F. ) ;
#2113 = APPROVAL_PERSON_ORGANIZATION ( #2601, #1155, #1815 ) ;
#2114 = CC_DESIGN_PERSON_AND_ORGANIZATION_ASSIGNMENT ( #1414, #1608, ( #1707 ) ) ;
#2115 = CYLINDRICAL_SURFACE ( 'NONE', #1648, 0.2539999999999990000 ) ;
#2116 = DIRECTION ( 'NONE',  ( -1.000000000000000000, 0.0000000000000000000, -0.0000000000000000000 ) ) ;
#2117 = CARTESIAN_POINT ( 'NONE',  ( -38.10000000000000100, 3.479939372016722700, 2.759770219085474300 ) ) ;
#2118 = VERTEX_POINT ( 'NONE', #832 ) ;
#2119 = FACE_BOUND ( 'NONE', #1480, .T. ) ;
#2120 = CIRCLE ( 'NONE', #2197, 0.3091431985817226800 ) ;
#2121 = VECTOR ( 'NONE', #2107, 1000.000000000000000 ) ;
#2122 = DIRECTION ( 'NONE',  ( 0.0000000000000000000, 0.0000000000000000000, 1.000000000000000000 ) ) ;
#2123 = VERTEX_POINT ( 'NONE', #1915 ) ;
#2124 = VERTEX_POINT ( 'NONE', #1428 ) ;
#2125 = LINE ( 'NONE', #33, #2349 ) ;
#2126 = DIRECTION ( 'NONE',  ( 0.0000000000000000000, 0.0000000000000000000, 1.000000000000000000 ) ) ;
#2127 = EDGE_CURVE ( 'NONE', #2111, #1758, #2062, .T. ) ;
#2128 = EDGE_CURVE ( 'NONE', #1405, #2532, #455, .T. ) ;
#2129 = CARTESIAN_POINT ( 'NONE',  ( 38.10000000000000100, -2.019299999999999900, 0.9265995604963832600 ) ) ;
#2130 = DIRECTION ( 'NONE',  ( -1.000000000000000000, 0.0000000000000000000, -0.0000000000000000000 ) ) ;
#2131 = CARTESIAN_POINT ( 'NONE',  ( 38.10000000000000100, 1.498600000000002800, 4.279900000000005800 ) ) ;
#2132 = ORIENTED_EDGE ( 'NONE', *, *, #1540, .T. ) ;
#2133 = DIRECTION ( 'NONE',  ( -1.000000000000000000, -0.0000000000000000000, -0.0000000000000000000 ) ) ;
#2134 = ORIENTED_EDGE ( 'NONE', *, *, #1104, .F. ) ;
#2135 = CARTESIAN_POINT ( 'NONE',  ( 38.10000000000000100, -2.561056801418280400, -4.025900000000004500 ) ) ;
#2136 = ORIENTED_EDGE ( 'NONE', *, *, #214, .F. ) ;
#2137 = CARTESIAN_POINT ( 'NONE',  ( 38.10000000000000100, 1.498600000000002800, -4.279900000000005800 ) ) ;
#2138 = ORIENTED_EDGE ( 'NONE', *, *, #1601, .T. ) ;
#2139 = EDGE_CURVE ( 'NONE', #1885, #2272, #2455, .T. ) ;
#2140 = EDGE_CURVE ( 'NONE', #2521, #1944, #2090, .T. ) ;
#2141 = DIRECTION ( 'NONE',  ( 0.0000000000000000000, 0.0000000000000000000, -1.000000000000000000 ) ) ;
#2142 = EDGE_CURVE ( 'NONE', #972, #1653, #1130, .T. ) ;
#2143 = DIRECTION ( 'NONE',  ( 0.0000000000000000000, 0.0000000000000000000, -1.000000000000000000 ) ) ;
#2144 = ORIENTED_EDGE ( 'NONE', *, *, #1019, .T. ) ;
#2145 = DIRECTION ( 'NONE',  ( -1.000000000000000000, 0.0000000000000000000, 0.0000000000000000000 ) ) ;
#2146 = EDGE_LOOP ( 'NONE', ( #1847, #1779, #1615, #2201 ) ) ;
#2147 = CIRCLE ( 'NONE', #834, 0.2539999999999998900 ) ;
#2148 = VECTOR ( 'NONE', #2095, 1000.000000000000000 ) ;
#2149 = FACE_OUTER_BOUND ( 'NONE', #2146, .T. ) ;
#2150 = ORIENTED_EDGE ( 'NONE', *, *, #2563, .F. ) ;
#2151 = AXIS2_PLACEMENT_3D ( 'NONE', #2515, #1457, #493 ) ;
#2152 = APPLICATION_CONTEXT ( 'configuration controlled 3d designs of mechanical parts and assemblies' ) ;
#2153 = VERTEX_POINT ( 'NONE', #507 ) ;
#2154 = LINE ( 'NONE', #1047, #1738 ) ;
#2155 = CARTESIAN_POINT ( 'NONE',  ( 38.10000000000000100, 4.025900000000000000, -2.561056801418277300 ) ) ;
#2156 = FACE_OUTER_BOUND ( 'NONE', #1475, .T. ) ;
#2157 = VECTOR ( 'NONE', #1784, 1000.000000000000000 ) ;
#2158 = AXIS2_PLACEMENT_3D ( 'NONE', #1042, #2036, #65 ) ;
#2159 = EDGE_CURVE ( 'NONE', #2233, #2041, #2546, .T. ) ;
#2160 = DIRECTION ( 'NONE',  ( 0.0000000000000000000, 0.0000000000000000000, 1.000000000000000000 ) ) ;
#2161 = ORIENTED_EDGE ( 'NONE', *, *, #598, .F. ) ;
#2162 = DIRECTION ( 'NONE',  ( -1.000000000000000000, -0.0000000000000000000, 0.0000000000000000000 ) ) ;
#2163 = DIRECTION ( 'NONE',  ( -1.000000000000000000, -0.0000000000000000000, -0.0000000000000000000 ) ) ;
#2164 = ORIENTED_EDGE ( 'NONE', *, *, #2140, .F. ) ;
#2165 = DIRECTION ( 'NONE',  ( 0.0000000000000000000, 0.7660444431189772400, 0.6427876096865401400 ) ) ;
#2166 = AXIS2_PLACEMENT_3D ( 'NONE', #710, #1517, #1553 ) ;
#2167 = ADVANCED_FACE ( 'NONE', ( #1391 ), #2326, .F. ) ;
#2168 = ORIENTED_EDGE ( 'NONE', *, *, #745, .T. ) ;
#2169 = CARTESIAN_POINT ( 'NONE',  ( -38.10000000000000100, -4.279899999999999600, -1.752599999999999900 ) ) ;
#2170 = DIRECTION ( 'NONE',  ( 0.0000000000000000000, 0.0000000000000000000, 1.000000000000000000 ) ) ;
#2171 = CARTESIAN_POINT ( 'NONE',  ( 38.10000000000000100, -1.752600000000000400, -4.746000000000000400 ) ) ;
#2172 = EDGE_CURVE ( 'NONE', #796, #1429, #1192, .T. ) ;
#2173 = CARTESIAN_POINT ( 'NONE',  ( 38.10000000000000100, 2.561056801418280000, -3.716756801418281200 ) ) ;
#2174 = ORIENTED_EDGE ( 'NONE', *, *, #2297, .T. ) ;
#2175 = DIRECTION ( 'NONE',  ( 0.0000000000000000000, -0.6427876096865404700, -0.7660444431189770100 ) ) ;
#2176 = DIRECTION ( 'NONE',  ( 0.0000000000000000000, 0.0000000000000000000, 1.000000000000000000 ) ) ;
#2177 = CARTESIAN_POINT ( 'NONE',  ( 38.10000000000000100, 4.025900000000000000, 1.752600000000001700 ) ) ;
#2178 = EDGE_LOOP ( 'NONE', ( #1996, #1435, #491, #1752 ) ) ;
#2179 = VECTOR ( 'NONE', #1934, 1000.000000000000000 ) ;
#2180 = ADVANCED_FACE ( 'NONE', ( #2612 ), #1997, .T. ) ;
#2181 = CYLINDRICAL_SURFACE ( 'NONE', #1965, 0.2539999999999997800 ) ;
#2182 = CC_DESIGN_APPROVAL ( #1134, ( #1886 ) ) ;
#2183 = CARTESIAN_POINT ( 'NONE',  ( 38.10000000000000100, 4.336808689942017700E-016, -2.019300000000002500 ) ) ;
#2184 = VERTEX_POINT ( 'NONE', #2270 ) ;
#2185 = FACE_OUTER_BOUND ( 'NONE', #950, .T. ) ;
#2186 = CIRCLE ( 'NONE', #1100, 0.3091431985817226800 ) ;
#2187 = CIRCLE ( 'NONE', #1910, 0.2539999999999990000 ) ;
#2188 = CARTESIAN_POINT ( 'NONE',  ( -38.10000000000000100, -2.078724711447780500, 1.089867613356766200 ) ) ;
#2189 = ADVANCED_FACE ( 'NONE', ( #1616 ), #1251, .F. ) ;
#2190 = ORIENTED_EDGE ( 'NONE', *, *, #1734, .T. ) ;
#2191 = VECTOR ( 'NONE', #1554, 1000.000000000000000 ) ;
#2192 = CARTESIAN_POINT ( 'NONE',  ( 38.10000000000000100, -4.025900000000000000, -2.561056801418277300 ) ) ;
#2193 = PLANE ( 'NONE',  #613 ) ;
#2194 = AXIS2_PLACEMENT_3D ( 'NONE', #674, #296, #1472 ) ;
#2195 = CARTESIAN_POINT ( 'NONE',  ( -38.10000000000000100, -1.752600000000000400, -4.746000000000000400 ) ) ;
#2196 = VERTEX_POINT ( 'NONE', #1062 ) ;
#2197 = AXIS2_PLACEMENT_3D ( 'NONE', #2069, #1663, #2059 ) ;
#2198 = ORIENTED_EDGE ( 'NONE', *, *, #631, .T. ) ;
#2199 = ADVANCED_FACE ( 'NONE', ( #1452 ), #1298, .F. ) ;
#2200 = EDGE_CURVE ( 'NONE', #391, #2577, #2154, .T. ) ;
#2201 = ORIENTED_EDGE ( 'NONE', *, *, #2617, .T. ) ;
#2202 = EDGE_CURVE ( 'NONE', #1653, #742, #392, .T. ) ;
#2203 = ORIENTED_EDGE ( 'NONE', *, *, #1231, .F. ) ;
#2204 = EDGE_LOOP ( 'NONE', ( #498, #1321, #2088, #2259 ) ) ;
#2205 = CARTESIAN_POINT ( 'NONE',  ( -38.10000000000000100, -3.716756801418277200, 2.561056801418277300 ) ) ;
#2206 = AXIS2_PLACEMENT_3D ( 'NONE', #2173, #369, #561 ) ;
#2207 = CARTESIAN_POINT ( 'NONE',  ( 38.10000000000000100, 4.025900000000000000, 2.561056801418277300 ) ) ;
#2208 = DIRECTION ( 'NONE',  ( -1.000000000000000000, -0.0000000000000000000, -0.0000000000000000000 ) ) ;
#2209 = DIRECTION ( 'NONE',  ( -1.000000000000000000, 0.0000000000000000000, -0.0000000000000000000 ) ) ;
#2210 = ADVANCED_FACE ( 'NONE', ( #484 ), #270, .F. ) ;
#2211 = ORIENTED_EDGE ( 'NONE', *, *, #1887, .F. ) ;
#2212 = AXIS2_PLACEMENT_3D ( 'NONE', #864, #1258, #1896 ) ;
#2213 = EDGE_CURVE ( 'NONE', #2418, #891, #1933, .T. ) ;
#2214 = ORIENTED_EDGE ( 'NONE', *, *, #1660, .F. ) ;
#2215 = DIRECTION ( 'NONE',  ( -1.000000000000000000, -0.0000000000000000000, 0.0000000000000000000 ) ) ;
#2216 = ORIENTED_EDGE ( 'NONE', *, *, #700, .F. ) ;
#2217 = VECTOR ( 'NONE', #1999, 1000.000000000000000 ) ;
#2218 = LINE ( 'NONE', #286, #1670 ) ;
#2219 = FACE_OUTER_BOUND ( 'NONE', #2074, .T. ) ;
#2220 = DESIGN_CONTEXT ( 'detailed design', #2152, 'design' ) ;
#2221 = ORIENTED_EDGE ( 'NONE', *, *, #523, .F. ) ;
#2222 = ORIENTED_EDGE ( 'NONE', *, *, #2200, .F. ) ;
#2223 = DIRECTION ( 'NONE',  ( 1.000000000000000000, 0.0000000000000000000, -0.0000000000000000000 ) ) ;
#2224 = LINE ( 'NONE', #401, #1675 ) ;
#2225 = CYLINDRICAL_SURFACE ( 'NONE', #2352, 0.3091431985817226800 ) ;
#2226 = VECTOR ( 'NONE', #2407, 1000.000000000000000 ) ;
#2227 = PERSON ( 'UNSPECIFIED', 'UNSPECIFIED', 'UNSPECIFIED', ('UNSPECIFIED'), ('UNSPECIFIED'), ('UNSPECIFIED') ) ;
#2228 = CARTESIAN_POINT ( 'NONE',  ( -38.10000000000000100, 1.089867613356766400, 2.078724711447783100 ) ) ;
#2229 = CARTESIAN_POINT ( 'NONE',  ( 38.10000000000000100, -1.498600000000000400, 4.746000000000000400 ) ) ;
#2230 = ADVANCED_FACE ( 'NONE', ( #51 ), #1962, .F. ) ;
#2231 = EDGE_CURVE ( 'NONE', #811, #1834, #850, .T. ) ;
#2232 = CARTESIAN_POINT ( 'NONE',  ( -38.10000000000000100, -1.752600000000001700, 4.279900000000003100 ) ) ;
#2233 = VERTEX_POINT ( 'NONE', #2369 ) ;
#2234 = ORIENTED_EDGE ( 'NONE', *, *, #915, .T. ) ;
#2235 = DIRECTION ( 'NONE',  ( -1.000000000000000000, 0.0000000000000000000, -0.0000000000000000000 ) ) ;
#2236 = ORIENTED_EDGE ( 'NONE', *, *, #1620, .F. ) ;
#2237 = CARTESIAN_POINT ( 'NONE',  ( -38.10000000000000100, 3.479939372016722700, -2.759770219085474300 ) ) ;
#2238 = CARTESIAN_POINT ( 'NONE',  ( -38.10000000000000100, -0.9265995604963832600, 2.019300000000003000 ) ) ;
#2239 = DIRECTION ( 'NONE',  ( 0.0000000000000000000, 1.000000000000000000, 0.0000000000000000000 ) ) ;
#2240 = AXIS2_PLACEMENT_3D ( 'NONE', #1499, #526, #1735 ) ;
#2241 = ORIENTED_EDGE ( 'NONE', *, *, #5, .T. ) ;
#2242 = CARTESIAN_POINT ( 'NONE',  ( 38.10000000000000100, -2.759770219085476000, -3.479939372016725800 ) ) ;
#2243 = DIRECTION ( 'NONE',  ( 0.0000000000000000000, 0.0000000000000000000, 1.000000000000000000 ) ) ;
#2244 = VERTEX_POINT ( 'NONE', #1746 ) ;
#2245 = ORIENTED_EDGE ( 'NONE', *, *, #2213, .F. ) ;
#2246 = AXIS2_PLACEMENT_3D ( 'NONE', #1875, #1248, #659 ) ;
#2247 = VECTOR ( 'NONE', #2209, 1000.000000000000000 ) ;
#2248 = VECTOR ( 'NONE', #1665, 1000.000000000000000 ) ;
#2249 = EDGE_CURVE ( 'NONE', #2262, #830, #1868, .T. ) ;
#2250 = ORIENTED_EDGE ( 'NONE', *, *, #1970, .F. ) ;
#2251 = VECTOR ( 'NONE', #1410, 1000.000000000000000 ) ;
#2252 = DIRECTION ( 'NONE',  ( 0.0000000000000000000, 1.000000000000000000, 0.0000000000000000000 ) ) ;
#2253 = CIRCLE ( 'NONE', #2492, 0.2539999999999997800 ) ;
#2254 = VECTOR ( 'NONE', #220, 1000.000000000000000 ) ;
#2255 = EDGE_CURVE ( 'NONE', #2272, #1885, #1807, .T. ) ;
#2256 = LINE ( 'NONE', #1366, #1679 ) ;
#2257 = CARTESIAN_POINT ( 'NONE',  ( 38.10000000000000100, 2.759770219085476000, -3.479939372016725800 ) ) ;
#2258 = AXIS2_PLACEMENT_3D ( 'NONE', #1337, #353, #919 ) ;
#2259 = ORIENTED_EDGE ( 'NONE', *, *, #1661, .T. ) ;
#2260 = CARTESIAN_POINT ( 'NONE',  ( -38.10000000000000100, 3.716756801418277200, 2.561056801418277300 ) ) ;
#2261 = CARTESIAN_POINT ( 'NONE',  ( 38.10000000000000100, 2.019299999999999900, -0.9265995604963832600 ) ) ;
#2262 = VERTEX_POINT ( 'NONE', #550 ) ;
#2263 = AXIS2_PLACEMENT_3D ( 'NONE', #1957, #2334, #1522 ) ;
#2264 = ORIENTED_EDGE ( 'NONE', *, *, #1278, .F. ) ;
#2265 = EDGE_CURVE ( 'NONE', #483, #2335, #1610, .T. ) ;
#2266 = DIRECTION ( 'NONE',  ( 0.0000000000000000000, 1.000000000000000000, 0.0000000000000000000 ) ) ;
#2267 = DIRECTION ( 'NONE',  ( 1.000000000000000000, -0.0000000000000000000, 0.0000000000000000000 ) ) ;
#2268 = ORIENTED_EDGE ( 'NONE', *, *, #1291, .T. ) ;
#2269 = ORIENTED_EDGE ( 'NONE', *, *, #1921, .T. ) ;
#2270 = CARTESIAN_POINT ( 'NONE',  ( 38.10000000000000100, 4.025900000000000000, -2.561056801418277300 ) ) ;
#2271 = CARTESIAN_POINT ( 'NONE',  ( 38.10000000000000100, -4.746000000000000400, -1.498599999999999900 ) ) ;
#2272 = VERTEX_POINT ( 'NONE', #121 ) ;
#2273 = DIRECTION ( 'NONE',  ( -1.000000000000000000, -0.0000000000000000000, -0.0000000000000000000 ) ) ;
#2274 = CARTESIAN_POINT ( 'NONE',  ( 38.10000000000000100, -0.9265995604963832600, -2.019300000000003000 ) ) ;
#2275 = DIRECTION ( 'NONE',  ( -1.000000000000000000, -0.0000000000000000000, 0.0000000000000000000 ) ) ;
#2276 = ORIENTED_EDGE ( 'NONE', *, *, #1759, .F. ) ;
#2277 = EDGE_CURVE ( 'NONE', #1857, #1525, #755, .T. ) ;
#2278 = CYLINDRICAL_SURFACE ( 'NONE', #2263, 1.257300000000000300 ) ;
#2279 = VECTOR ( 'NONE', #748, 1000.000000000000000 ) ;
#2280 = LINE ( 'NONE', #990, #2344 ) ;
#2281 = FACE_OUTER_BOUND ( 'NONE', #215, .T. ) ;
#2282 = ORIENTED_EDGE ( 'NONE', *, *, #1198, .F. ) ;
#2283 = DIRECTION ( 'NONE',  ( 0.0000000000000000000, 0.0000000000000000000, -1.000000000000000000 ) ) ;
#2284 = PLANE ( 'NONE',  #1562 ) ;
#2285 = ORIENTED_EDGE ( 'NONE', *, *, #1019, .F. ) ;
#2286 = EDGE_CURVE ( 'NONE', #2470, #1344, #600, .T. ) ;
#2287 = VECTOR ( 'NONE', #468, 1000.000000000000000 ) ;
#2288 = DIRECTION ( 'NONE',  ( 0.0000000000000000000, 0.0000000000000000000, 1.000000000000000000 ) ) ;
#2289 = LINE ( 'NONE', #1382, #2033 ) ;
#2290 = EDGE_CURVE ( 'NONE', #2118, #1344, #1247, .T. ) ;
#2291 = DIRECTION ( 'NONE',  ( 0.0000000000000000000, 0.0000000000000000000, -1.000000000000000000 ) ) ;
#2292 = AXIS2_PLACEMENT_3D ( 'NONE', #2318, #1941, #2324 ) ;
#2293 = EDGE_LOOP ( 'NONE', ( #171, #624, #499, #2399 ) ) ;
#2294 = ORIENTED_EDGE ( 'NONE', *, *, #2128, .F. ) ;
#2295 = DIRECTION ( 'NONE',  ( 0.0000000000000000000, 0.0000000000000000000, -1.000000000000000000 ) ) ;
#2296 = AXIS2_PLACEMENT_3D ( 'NONE', #643, #254, #2065 ) ;
#2297 = EDGE_CURVE ( 'NONE', #1525, #403, #199, .T. ) ;
#2298 = ORIENTED_EDGE ( 'NONE', *, *, #915, .F. ) ;
#2299 = DIRECTION ( 'NONE',  ( 0.0000000000000000000, 0.0000000000000000000, -1.000000000000000000 ) ) ;
#2300 = CARTESIAN_POINT ( 'NONE',  ( 38.10000000000000100, 4.279900000000001400, 1.498599999999999900 ) ) ;
#2301 = CARTESIAN_POINT ( 'NONE',  ( -38.10000000000000100, -2.561056801418280000, -3.716756801418281200 ) ) ;
#2302 = ADVANCED_BREP_SHAPE_REPRESENTATION ( '5969N11_Miniature T-Slotted Framing', ( #1046, #2258 ), #1624 ) ;
#2303 = ORIENTED_EDGE ( 'NONE', *, *, #1128, .T. ) ;
#2304 = DIRECTION ( 'NONE',  ( -1.000000000000000000, 0.0000000000000000000, 0.0000000000000000000 ) ) ;
#2305 = ORIENTED_EDGE ( 'NONE', *, *, #406, .T. ) ;
#2306 = LOCAL_TIME ( 8, 26, 27.00000000000000000, #227 ) ;
#2307 = LINE ( 'NONE', #2155, #1099 ) ;
#2308 = FACE_OUTER_BOUND ( 'NONE', #1932, .T. ) ;
#2309 = ORIENTED_EDGE ( 'NONE', *, *, #2142, .T. ) ;
#2310 = LINE ( 'NONE', #182, #74 ) ;
#2311 = EDGE_CURVE ( 'NONE', #908, #287, #1217, .T. ) ;
#2312 = FACE_OUTER_BOUND ( 'NONE', #1806, .T. ) ;
#2313 = CIRCLE ( 'NONE', #2321, 0.3091431985817226800 ) ;
#2314 = LINE ( 'NONE', #351, #1963 ) ;
#2315 = DIRECTION ( 'NONE',  ( -1.000000000000000000, -0.0000000000000000000, -0.0000000000000000000 ) ) ;
#2316 = DIRECTION ( 'NONE',  ( 0.0000000000000000000, 0.7660444431189772400, -0.6427876096865402500 ) ) ;
#2317 = CARTESIAN_POINT ( 'NONE',  ( -38.10000000000000100, 4.279899999999999600, -1.752599999999999900 ) ) ;
#2318 = CARTESIAN_POINT ( 'NONE',  ( -38.10000000000000100, -2.273299999999999900, -0.9265995604963841400 ) ) ;
#2319 = ORIENTED_EDGE ( 'NONE', *, *, #1652, .T. ) ;
#2320 = DIRECTION ( 'NONE',  ( 0.0000000000000000000, 0.0000000000000000000, 1.000000000000000000 ) ) ;
#2321 = AXIS2_PLACEMENT_3D ( 'NONE', #266, #1662, #1682 ) ;
#2322 = DIRECTION ( 'NONE',  ( 0.0000000000000000000, 0.0000000000000000000, -1.000000000000000000 ) ) ;
#2323 = ORIENTED_EDGE ( 'NONE', *, *, #712, .F. ) ;
#2324 = DIRECTION ( 'NONE',  ( 0.0000000000000000000, 0.0000000000000000000, -1.000000000000000000 ) ) ;
#2325 = EDGE_LOOP ( 'NONE', ( #2136, #42, #1054, #1589 ) ) ;
#2326 = PLANE ( 'NONE',  #800 ) ;
#2327 = ADVANCED_FACE ( 'NONE', ( #2185 ), #1949, .F. ) ;
#2328 = ORIENTED_EDGE ( 'NONE', *, *, #1411, .T. ) ;
#2329 = AXIS2_PLACEMENT_3D ( 'NONE', #1882, #888, #1699 ) ;
#2330 = DIRECTION ( 'NONE',  ( -1.000000000000000000, -0.0000000000000000000, 0.0000000000000000000 ) ) ;
#2331 = EDGE_CURVE ( 'NONE', #1834, #707, #109, .T. ) ;
#2332 = EDGE_CURVE ( 'NONE', #31, #2370, #1577, .T. ) ;
#2333 = DIRECTION ( 'NONE',  ( 0.0000000000000000000, -0.7660444431189772400, 0.6427876096865401400 ) ) ;
#2334 = DIRECTION ( 'NONE',  ( -1.000000000000000000, -0.0000000000000000000, -0.0000000000000000000 ) ) ;
#2335 = VERTEX_POINT ( 'NONE', #311 ) ;
#2336 = DIRECTION ( 'NONE',  ( 0.0000000000000000000, 0.0000000000000000000, 1.000000000000000000 ) ) ;
#2337 = VERTEX_POINT ( 'NONE', #149 ) ;
#2338 = PRODUCT_DEFINITION ( 'UNKNOWN', '', #1707, #2220 ) ;
#2339 = LINE ( 'NONE', #2011, #506 ) ;
#2340 = CARTESIAN_POINT ( 'NONE',  ( 38.10000000000000100, 0.9265995604963832600, -2.019300000000003000 ) ) ;
#2341 = DIRECTION ( 'NONE',  ( -1.000000000000000000, -0.0000000000000000000, -0.0000000000000000000 ) ) ;
#2342 = EDGE_LOOP ( 'NONE', ( #1926, #871, #2412, #2328 ) ) ;
#2343 = VECTOR ( 'NONE', #1820, 1000.000000000000000 ) ;
#2344 = VECTOR ( 'NONE', #2030, 1000.000000000000000 ) ;
#2345 = FACE_OUTER_BOUND ( 'NONE', #861, .T. ) ;
#2346 = ORIENTED_EDGE ( 'NONE', *, *, #2277, .F. ) ;
#2347 = CARTESIAN_POINT ( 'NONE',  ( -38.10000000000000100, -1.089867613356766400, -2.078724711447783100 ) ) ;
#2348 = VERTEX_POINT ( 'NONE', #330 ) ;
#2349 = VECTOR ( 'NONE', #213, 1000.000000000000000 ) ;
#2350 = LINE ( 'NONE', #1061, #1551 ) ;
#2351 = DIRECTION ( 'NONE',  ( 1.000000000000000000, 0.0000000000000000000, -0.0000000000000000000 ) ) ;
#2352 = AXIS2_PLACEMENT_3D ( 'NONE', #240, #234, #1020 ) ;
#2353 = CIRCLE ( 'NONE', #431, 0.2539999999999990000 ) ;
#2354 = EDGE_CURVE ( 'NONE', #2272, #1897, #1282, .T. ) ;
#2355 = PLANE ( 'NONE',  #2068 ) ;
#2356 = DIRECTION ( 'NONE',  ( 0.0000000000000000000, 0.0000000000000000000, -1.000000000000000000 ) ) ;
#2357 = DIRECTION ( 'NONE',  ( 0.0000000000000000000, -0.7660444431189772400, -0.6427876096865401400 ) ) ;
#2358 = CARTESIAN_POINT ( 'NONE',  ( 38.10000000000000100, -1.084202172485504400E-016, -1.626303258728256700E-015 ) ) ;
#2359 = AXIS2_PLACEMENT_3D ( 'NONE', #1168, #2403, #361 ) ;
#2360 = ORIENTED_EDGE ( 'NONE', *, *, #1083, .T. ) ;
#2361 = CARTESIAN_POINT ( 'NONE',  ( 38.10000000000000100, 4.746000000000000400, 1.498599999999999900 ) ) ;
#2362 = ORIENTED_EDGE ( 'NONE', *, *, #1206, .T. ) ;
#2363 = VERTEX_POINT ( 'NONE', #1780 ) ;
#2364 = EDGE_CURVE ( 'NONE', #2368, #862, #903, .T. ) ;
#2365 = DIRECTION ( 'NONE',  ( -1.000000000000000000, 0.0000000000000000000, 0.0000000000000000000 ) ) ;
#2366 = DIRECTION ( 'NONE',  ( 0.0000000000000000000, 0.0000000000000000000, -1.000000000000000000 ) ) ;
#2367 = DIRECTION ( 'NONE',  ( -1.000000000000000000, -0.0000000000000000000, -0.0000000000000000000 ) ) ;
#2368 = VERTEX_POINT ( 'NONE', #1582 ) ;
#2369 = CARTESIAN_POINT ( 'NONE',  ( 38.10000000000000100, -2.561056801418280400, 4.025900000000004500 ) ) ;
#2370 = VERTEX_POINT ( 'NONE', #758 ) ;
#2371 = PERSON_AND_ORGANIZATION ( #2227, #1636 ) ;
#2372 = CIRCLE ( 'NONE', #1465, 0.2539999999999998900 ) ;
#2373 = VECTOR ( 'NONE', #650, 1000.000000000000000 ) ;
#2374 = DIRECTION ( 'NONE',  ( 0.0000000000000000000, 1.000000000000000000, 0.0000000000000000000 ) ) ;
#2375 = AXIS2_PLACEMENT_3D ( 'NONE', #863, #2488, #1880 ) ;
#2376 = DIRECTION ( 'NONE',  ( 1.000000000000000000, -0.0000000000000000000, -0.0000000000000000000 ) ) ;
#2377 = VERTEX_POINT ( 'NONE', #190 ) ;
#2378 = FACE_OUTER_BOUND ( 'NONE', #619, .T. ) ;
#2379 = CARTESIAN_POINT ( 'NONE',  ( -38.10000000000000100, -5.000000000000000000, -1.752599999999999900 ) ) ;
#2380 = CIRCLE ( 'NONE', #617, 0.3091431985817226800 ) ;
#2381 = CIRCLE ( 'NONE', #1223, 0.2539999999999997800 ) ;
#2382 = DIRECTION ( 'NONE',  ( -1.000000000000000000, -0.0000000000000000000, -0.0000000000000000000 ) ) ;
#2383 = DIRECTION ( 'NONE',  ( 0.0000000000000000000, 0.0000000000000000000, 1.000000000000000000 ) ) ;
#2384 = ADVANCED_FACE ( 'NONE', ( #537 ), #1985, .F. ) ;
#2385 = EDGE_CURVE ( 'NONE', #1180, #1328, #1669, .T. ) ;
#2386 = ORIENTED_EDGE ( 'NONE', *, *, #712, .T. ) ;
#2387 = DIRECTION ( 'NONE',  ( -1.000000000000000000, 0.0000000000000000000, -0.0000000000000000000 ) ) ;
#2388 = CARTESIAN_POINT ( 'NONE',  ( 38.10000000000000100, 4.618999999999999800, 4.618999999999999800 ) ) ;
#2389 = CARTESIAN_POINT ( 'NONE',  ( -38.10000000000000100, -1.752599999999999900, -5.000000000000000000 ) ) ;
#2390 = ORIENTED_EDGE ( 'NONE', *, *, #178, .T. ) ;
#2391 = DIRECTION ( 'NONE',  ( 0.0000000000000000000, 0.0000000000000000000, -1.000000000000000000 ) ) ;
#2392 = VERTEX_POINT ( 'NONE', #2393 ) ;
#2393 = CARTESIAN_POINT ( 'NONE',  ( 38.10000000000000100, 2.078724711447780500, -1.089867613356766200 ) ) ;
#2394 = AXIS2_PLACEMENT_3D ( 'NONE', #2047, #1814, #9 ) ;
#2395 = CARTESIAN_POINT ( 'NONE',  ( -38.10000000000000100, -2.561056801418280000, 3.716756801418281200 ) ) ;
#2396 = ORIENTED_EDGE ( 'NONE', *, *, #700, .T. ) ;
#2397 = DIRECTION ( 'NONE',  ( 0.0000000000000000000, 0.0000000000000000000, -1.000000000000000000 ) ) ;
#2398 = DIRECTION ( 'NONE',  ( 1.000000000000000000, 0.0000000000000000000, -0.0000000000000000000 ) ) ;
#2399 = ORIENTED_EDGE ( 'NONE', *, *, #458, .T. ) ;
#2400 = ADVANCED_FACE ( 'NONE', ( #1097 ), #318, .F. ) ;
#2401 = AXIS2_PLACEMENT_3D ( 'NONE', #730, #2163, #2143 ) ;
#2402 = EDGE_CURVE ( 'NONE', #352, #770, #1065, .T. ) ;
#2403 = DIRECTION ( 'NONE',  ( -1.000000000000000000, -0.0000000000000000000, -0.0000000000000000000 ) ) ;
#2404 = ADVANCED_FACE ( 'NONE', ( #968 ), #2429, .F. ) ;
#2405 = DIRECTION ( 'NONE',  ( -1.000000000000000000, -0.0000000000000000000, 0.0000000000000000000 ) ) ;
#2406 = VERTEX_POINT ( 'NONE', #981 ) ;
#2407 = DIRECTION ( 'NONE',  ( -0.0000000000000000000, -0.0000000000000000000, 1.000000000000000000 ) ) ;
#2408 = CARTESIAN_POINT ( 'NONE',  ( -38.10000000000000100, 1.498600000000002800, 4.279900000000005800 ) ) ;
#2409 = VERTEX_POINT ( 'NONE', #374 ) ;
#2410 = PERSON_AND_ORGANIZATION ( #2227, #1636 ) ;
#2411 = LINE ( 'NONE', #10, #1381 ) ;
#2412 = ORIENTED_EDGE ( 'NONE', *, *, #1903, .F. ) ;
#2413 = VECTOR ( 'NONE', #612, 1000.000000000000000 ) ;
#2414 = FACE_OUTER_BOUND ( 'NONE', #2342, .T. ) ;
#2415 = CIRCLE ( 'NONE', #1010, 0.3810000000000002800 ) ;
#2416 = ORIENTED_EDGE ( 'NONE', *, *, #1262, .T. ) ;
#2417 = DIRECTION ( 'NONE',  ( -1.000000000000000000, -0.0000000000000000000, -0.0000000000000000000 ) ) ;
#2418 = VERTEX_POINT ( 'NONE', #2005 ) ;
#2419 = ADVANCED_FACE ( 'NONE', ( #2119, #2378 ), #1378, .T. ) ;
#2420 = ORIENTED_EDGE ( 'NONE', *, *, #305, .F. ) ;
#2421 = VECTOR ( 'NONE', #2567, 1000.000000000000000 ) ;
#2422 = DIRECTION ( 'NONE',  ( -1.000000000000000000, -0.0000000000000000000, 0.0000000000000000000 ) ) ;
#2423 = LINE ( 'NONE', #1658, #1808 ) ;
#2424 = DIRECTION ( 'NONE',  ( 0.0000000000000000000, 1.000000000000000000, 0.0000000000000000000 ) ) ;
#2425 = CARTESIAN_POINT ( 'NONE',  ( 38.10000000000000100, 0.9265995604963832600, 2.019300000000003000 ) ) ;
#2426 = VECTOR ( 'NONE', #549, 1000.000000000000000 ) ;
#2427 = EDGE_CURVE ( 'NONE', #889, #1388, #386, .T. ) ;
#2428 = CARTESIAN_POINT ( 'NONE',  ( 38.10000000000000100, 2.561056801418280000, 3.716756801418281200 ) ) ;
#2429 = PLANE ( 'NONE',  #932 ) ;
#2430 = DIRECTION ( 'NONE',  ( -1.000000000000000000, 0.0000000000000000000, -0.0000000000000000000 ) ) ;
#2431 = EDGE_CURVE ( 'NONE', #782, #27, #570, .T. ) ;
#2432 = CARTESIAN_POINT ( 'NONE',  ( -38.10000000000000100, 2.759770219085476000, 3.479939372016725800 ) ) ;
#2433 = ORIENTED_EDGE ( 'NONE', *, *, #1540, .F. ) ;
#2434 = EDGE_CURVE ( 'NONE', #403, #2535, #2147, .T. ) ;
#2435 = PLANE ( 'NONE',  #101 ) ;
#2436 = VERTEX_POINT ( 'NONE', #390 ) ;
#2437 = ORIENTED_EDGE ( 'NONE', *, *, #1228, .F. ) ;
#2438 = CARTESIAN_POINT ( 'NONE',  ( 38.10000000000000100, 1.752600000000001700, 4.025900000000004500 ) ) ;
#2439 = AXIS2_PLACEMENT_3D ( 'NONE', #1937, #500, #532 ) ;
#2440 = CARTESIAN_POINT ( 'NONE',  ( -38.10000000000000100, -4.025900000000000000, -2.561056801418277300 ) ) ;
#2441 = DIRECTION ( 'NONE',  ( -1.000000000000000000, -0.0000000000000000000, -0.0000000000000000000 ) ) ;
#2442 = CARTESIAN_POINT ( 'NONE',  ( -38.10000000000000100, -4.618999999999999800, 5.000000000000000000 ) ) ;
#2443 = AXIS2_PLACEMENT_3D ( 'NONE', #229, #2489, #1016 ) ;
#2444 = EDGE_CURVE ( 'NONE', #335, #2392, #658, .T. ) ;
#2445 = ORIENTED_EDGE ( 'NONE', *, *, #843, .F. ) ;
#2446 = CARTESIAN_POINT ( 'NONE',  ( 38.10000000000000100, 1.752600000000000400, 4.746000000000000400 ) ) ;
#2447 = CARTESIAN_POINT ( 'NONE',  ( -38.10000000000000100, -2.561056801418280400, 4.025900000000004500 ) ) ;
#2448 = ORIENTED_EDGE ( 'NONE', *, *, #913, .F. ) ;
#2449 = CIRCLE ( 'NONE', #1496, 0.2539999999999998900 ) ;
#2450 = CIRCLE ( 'NONE', #2151, 0.3810000000000002800 ) ;
#2451 = ORIENTED_EDGE ( 'NONE', *, *, #780, .F. ) ;
#2452 = ADVANCED_FACE ( 'NONE', ( #1835 ), #1308, .F. ) ;
#2453 = ORIENTED_EDGE ( 'NONE', *, *, #1526, .T. ) ;
#2454 = CARTESIAN_POINT ( 'NONE',  ( 38.10000000000000100, 1.752599999999999900, -5.000000000000000000 ) ) ;
#2455 = CIRCLE ( 'NONE', #150, 1.257300000000000300 ) ;
#2456 = LINE ( 'NONE', #2564, #2613 ) ;
#2457 = DIRECTION ( 'NONE',  ( -1.000000000000000000, 0.0000000000000000000, 0.0000000000000000000 ) ) ;
#2458 = AXIS2_PLACEMENT_3D ( 'NONE', #2205, #949, #2383 ) ;
#2459 = CARTESIAN_POINT ( 'NONE',  ( 38.10000000000000100, -1.752600000000001700, 4.279900000000003100 ) ) ;
#2460 = LINE ( 'NONE', #1956, #237 ) ;
#2461 = CARTESIAN_POINT ( 'NONE',  ( -38.10000000000000100, 1.752600000000001700, 4.279900000000003100 ) ) ;
#2462 = EDGE_CURVE ( 'NONE', #1275, #2485, #172, .T. ) ;
#2463 = CARTESIAN_POINT ( 'NONE',  ( -38.10000000000000100, 4.618999999999999800, -4.618999999999999800 ) ) ;
#2464 = PLANE ( 'NONE',  #1369 ) ;
#2465 = ORIENTED_EDGE ( 'NONE', *, *, #669, .T. ) ;
#2466 = PLANE ( 'NONE',  #4 ) ;
#2467 = EDGE_LOOP ( 'NONE', ( #1053, #138, #847, #1826 ) ) ;
#2468 = DIRECTION ( 'NONE',  ( -1.000000000000000000, -0.0000000000000000000, -0.0000000000000000000 ) ) ;
#2469 = ORIENTED_EDGE ( 'NONE', *, *, #1409, .T. ) ;
#2470 = VERTEX_POINT ( 'NONE', #1403 ) ;
#2471 = CARTESIAN_POINT ( 'NONE',  ( -38.10000000000000100, 2.561056801418280400, -4.025900000000004500 ) ) ;
#2472 = AXIS2_PLACEMENT_3D ( 'NONE', #857, #1677, #2288 ) ;
#2473 = DIRECTION ( 'NONE',  ( -1.000000000000000000, 0.0000000000000000000, -0.0000000000000000000 ) ) ;
#2474 = ORIENTED_EDGE ( 'NONE', *, *, #1712, .F. ) ;
#2475 = ORIENTED_EDGE ( 'NONE', *, *, #1823, .F. ) ;
#2476 = CARTESIAN_POINT ( 'NONE',  ( 38.10000000000000100, -1.752599999999999900, 5.000000000000000000 ) ) ;
#2477 = LOCAL_TIME ( 8, 26, 27.00000000000000000, #1476 ) ;
#2478 = LINE ( 'NONE', #514, #1445 ) ;
#2479 = EDGE_CURVE ( 'NONE', #1429, #1830, #1641, .T. ) ;
#2480 = LINE ( 'NONE', #1332, #1160 ) ;
#2481 = VECTOR ( 'NONE', #1174, 1000.000000000000000 ) ;
#2482 = CIRCLE ( 'NONE', #1503, 0.2539999999999998900 ) ;
#2483 = LINE ( 'NONE', #833, #2058 ) ;
#2484 = DIRECTION ( 'NONE',  ( -0.0000000000000000000, 0.0000000000000000000, -1.000000000000000000 ) ) ;
#2485 = VERTEX_POINT ( 'NONE', #2188 ) ;
#2486 = EDGE_LOOP ( 'NONE', ( #963, #1451, #1564, #1122 ) ) ;
#2487 = CIRCLE ( 'NONE', #275, 0.2539999999999990000 ) ;
#2488 = DIRECTION ( 'NONE',  ( 0.0000000000000000000, 0.6427876096865402500, -0.7660444431189772400 ) ) ;
#2489 = DIRECTION ( 'NONE',  ( 0.0000000000000000000, -1.000000000000000000, 0.0000000000000000000 ) ) ;
#2490 = CARTESIAN_POINT ( 'NONE',  ( 38.10000000000000100, -0.9265995604963832600, 2.019300000000003000 ) ) ;
#2491 = DIRECTION ( 'NONE',  ( -0.0000000000000000000, -0.0000000000000000000, 1.000000000000000000 ) ) ;
#2492 = AXIS2_PLACEMENT_3D ( 'NONE', #517, #699, #2322 ) ;
#2493 = ORIENTED_EDGE ( 'NONE', *, *, #806, .T. ) ;
#2494 = EDGE_CURVE ( 'NONE', #2363, #391, #2310, .T. ) ;
#2495 = CARTESIAN_POINT ( 'NONE',  ( 38.10000000000000100, 2.078724711447780500, -1.089867613356766200 ) ) ;
#2496 = DIRECTION ( 'NONE',  ( 0.0000000000000000000, 0.0000000000000000000, 1.000000000000000000 ) ) ;
#2497 = VERTEX_POINT ( 'NONE', #1368 ) ;
#2498 = DIRECTION ( 'NONE',  ( 0.0000000000000000000, 0.6427876096865404700, -0.7660444431189770100 ) ) ;
#2499 = CARTESIAN_POINT ( 'NONE',  ( 38.10000000000000100, 3.479939372016722700, -2.759770219085474300 ) ) ;
#2500 = ORIENTED_EDGE ( 'NONE', *, *, #1426, .F. ) ;
#2501 = CARTESIAN_POINT ( 'NONE',  ( 38.10000000000000100, -1.498600000000002800, -4.279900000000005800 ) ) ;
#2502 = ORIENTED_EDGE ( 'NONE', *, *, #2494, .T. ) ;
#2503 = DIRECTION ( 'NONE',  ( 0.0000000000000000000, 0.0000000000000000000, -1.000000000000000000 ) ) ;
#2504 = DIRECTION ( 'NONE',  ( -1.000000000000000000, -0.0000000000000000000, -0.0000000000000000000 ) ) ;
#2505 = VERTEX_POINT ( 'NONE', #1621 ) ;
#2506 = VERTEX_POINT ( 'NONE', #2015 ) ;
#2507 = DATE_AND_TIME ( #1340, #315 ) ;
#2508 = CIRCLE ( 'NONE', #1326, 0.2539999999999998900 ) ;
#2509 = VECTOR ( 'NONE', #2519, 1000.000000000000000 ) ;
#2510 = ORIENTED_EDGE ( 'NONE', *, *, #1686, .F. ) ;
#2511 = DIRECTION ( 'NONE',  ( -1.000000000000000000, 0.0000000000000000000, -0.0000000000000000000 ) ) ;
#2512 = ORIENTED_EDGE ( 'NONE', *, *, #1027, .T. ) ;
#2513 = VECTOR ( 'NONE', #1829, 1000.000000000000000 ) ;
#2514 = VECTOR ( 'NONE', #66, 1000.000000000000000 ) ;
#2515 = CARTESIAN_POINT ( 'NONE',  ( 38.10000000000000100, 4.618999999999999800, -4.618999999999999800 ) ) ;
#2516 = LINE ( 'NONE', #1107, #1839 ) ;
#2517 = CARTESIAN_POINT ( 'NONE',  ( 38.10000000000000100, -5.000000000000000000, -1.752599999999999900 ) ) ;
#2518 = AXIS2_PLACEMENT_3D ( 'NONE', #1559, #1143, #736 ) ;
#2519 = DIRECTION ( 'NONE',  ( 0.0000000000000000000, 0.0000000000000000000, 1.000000000000000000 ) ) ;
#2520 = ORIENTED_EDGE ( 'NONE', *, *, #2543, .F. ) ;
#2521 = VERTEX_POINT ( 'NONE', #408 ) ;
#2522 = CARTESIAN_POINT ( 'NONE',  ( 38.10000000000000100, 1.089867613356766400, -2.078724711447783100 ) ) ;
#2523 = EDGE_CURVE ( 'NONE', #1234, #1388, #233, .T. ) ;
#2524 = ORIENTED_EDGE ( 'NONE', *, *, #573, .F. ) ;
#2525 = CARTESIAN_POINT ( 'NONE',  ( 38.10000000000000100, 1.752599999999999900, 5.000000000000000000 ) ) ;
#2526 = CARTESIAN_POINT ( 'NONE',  ( 38.10000000000000100, -2.078724711447780500, 1.089867613356766200 ) ) ;
#2527 = ORIENTED_EDGE ( 'NONE', *, *, #1697, .F. ) ;
#2528 = EDGE_CURVE ( 'NONE', #1685, #948, #2608, .T. ) ;
#2529 = CARTESIAN_POINT ( 'NONE',  ( -38.10000000000000100, -2.273299999999999900, 0.9265995604963841400 ) ) ;
#2530 = AXIS2_PLACEMENT_3D ( 'NONE', #217, #1013, #1205 ) ;
#2531 = CARTESIAN_POINT ( 'NONE',  ( 38.10000000000000100, -1.752600000000001700, -4.025900000000004500 ) ) ;
#2532 = VERTEX_POINT ( 'NONE', #2228 ) ;
#2533 = CARTESIAN_POINT ( 'NONE',  ( 38.10000000000000100, -1.752600000000000400, -4.746000000000000400 ) ) ;
#2534 = DIRECTION ( 'NONE',  ( 0.0000000000000000000, 0.0000000000000000000, -1.000000000000000000 ) ) ;
#2535 = VERTEX_POINT ( 'NONE', #996 ) ;
#2536 = PERSON_AND_ORGANIZATION ( #2227, #1636 ) ;
#2537 = FACE_OUTER_BOUND ( 'NONE', #2204, .T. ) ;
#2538 = ORIENTED_EDGE ( 'NONE', *, *, #2565, .F. ) ;
#2539 = CIRCLE ( 'NONE', #1108, 0.2539999999999998900 ) ;
#2540 = AXIS2_PLACEMENT_3D ( 'NONE', #1710, #525, #2122 ) ;
#2541 = LINE ( 'NONE', #1825, #319 ) ;
#2542 = FACE_OUTER_BOUND ( 'NONE', #1986, .T. ) ;
#2543 = EDGE_CURVE ( 'NONE', #750, #1897, #1385, .T. ) ;
#2544 = EDGE_LOOP ( 'NONE', ( #1092, #1200, #2474, #427 ) ) ;
#2545 = EDGE_LOOP ( 'NONE', ( #754, #2623, #597, #1071 ) ) ;
#2546 = LINE ( 'NONE', #2073, #513 ) ;
#2547 = FACE_OUTER_BOUND ( 'NONE', #2055, .T. ) ;
#2548 = CARTESIAN_POINT ( 'NONE',  ( 38.10000000000000100, -4.618999999999999800, -4.618999999999999800 ) ) ;
#2549 = DIRECTION ( 'NONE',  ( 0.0000000000000000000, -1.000000000000000000, 0.0000000000000000000 ) ) ;
#2550 = DIRECTION ( 'NONE',  ( -0.0000000000000000000, -1.000000000000000000, 0.0000000000000000000 ) ) ;
#2551 = DIRECTION ( 'NONE',  ( 0.0000000000000000000, 0.0000000000000000000, 1.000000000000000000 ) ) ;
#2552 = CARTESIAN_POINT ( 'NONE',  ( -38.10000000000000100, -5.000000000000000000, 4.618999999999999800 ) ) ;
#2553 = CARTESIAN_POINT ( 'NONE',  ( -38.10000000000000100, -5.000000000000000000, 1.752599999999999900 ) ) ;
#2554 = ORIENTED_EDGE ( 'NONE', *, *, #1512, .F. ) ;
#2555 = UNCERTAINTY_MEASURE_WITH_UNIT (LENGTH_MEASURE( 1.000000000000000100E-005 ), #339, 'distance_accuracy_value', 'NONE');
#2556 = DIRECTION ( 'NONE',  ( 0.0000000000000000000, -0.7660444431189771300, -0.6427876096865404700 ) ) ;
#2557 = DIRECTION ( 'NONE',  ( 0.0000000000000000000, 0.0000000000000000000, 1.000000000000000000 ) ) ;
#2558 = EDGE_CURVE ( 'NONE', #195, #796, #1704, .T. ) ;
#2559 = ORIENTED_EDGE ( 'NONE', *, *, #2127, .T. ) ;
#2560 = CARTESIAN_POINT ( 'NONE',  ( 38.10000000000000100, 2.019299999999999900, -3.654958372055276700E-016 ) ) ;
#2561 = ORIENTED_EDGE ( 'NONE', *, *, #2255, .F. ) ;
#2562 = APPLICATION_CONTEXT ( 'configuration controlled 3d designs of mechanical parts and assemblies' ) ;
#2563 = EDGE_CURVE ( 'NONE', #604, #453, #262, .T. ) ;
#2564 = CARTESIAN_POINT ( 'NONE',  ( 38.10000000000000100, 3.479939372016722700, -2.759770219085474300 ) ) ;
#2565 = EDGE_CURVE ( 'NONE', #2532, #893, #1033, .T. ) ;
#2566 = CARTESIAN_POINT ( 'NONE',  ( 38.10000000000000100, -1.752600000000000400, 4.746000000000000400 ) ) ;
#2567 = DIRECTION ( 'NONE',  ( 0.0000000000000000000, 0.0000000000000000000, -1.000000000000000000 ) ) ;
#2568 = ORIENTED_EDGE ( 'NONE', *, *, #913, .T. ) ;
#2569 = CARTESIAN_POINT ( 'NONE',  ( 38.10000000000000100, -2.561056801418280000, -3.716756801418281200 ) ) ;
#2570 = DIRECTION ( 'NONE',  ( -1.000000000000000000, -0.0000000000000000000, -0.0000000000000000000 ) ) ;
#2571 = ORIENTED_EDGE ( 'NONE', *, *, #1315, .T. ) ;
#2572 = CALENDAR_DATE ( 2025, 6, 1 ) ;
#2573 = CIRCLE ( 'NONE', #1916, 0.2539999999999998900 ) ;
#2574 = CIRCLE ( 'NONE', #1090, 0.3091431985817226800 ) ;
#2575 = CARTESIAN_POINT ( 'NONE',  ( 38.10000000000000100, -4.025900000000000000, 2.561056801418277300 ) ) ;
#2576 = ORIENTED_EDGE ( 'NONE', *, *, #2434, .F. ) ;
#2577 = VERTEX_POINT ( 'NONE', #364 ) ;
#2578 = VECTOR ( 'NONE', #2336, 1000.000000000000000 ) ;
#2579 = LINE ( 'NONE', #2103, #2064 ) ;
#2580 = DIRECTION ( 'NONE',  ( 0.0000000000000000000, 0.0000000000000000000, 1.000000000000000000 ) ) ;
#2581 = CIRCLE ( 'NONE', #1058, 0.2539999999999998900 ) ;
#2582 = EDGE_CURVE ( 'NONE', #1384, #782, #1730, .T. ) ;
#2583 = DIRECTION ( 'NONE',  ( -1.000000000000000000, -0.0000000000000000000, 0.0000000000000000000 ) ) ;
#2584 = DIRECTION ( 'NONE',  ( 0.0000000000000000000, 1.000000000000000000, 0.0000000000000000000 ) ) ;
#2585 = CARTESIAN_POINT ( 'NONE',  ( 38.10000000000000100, 4.746000000000000400, -1.498599999999999900 ) ) ;
#2586 = AXIS2_PLACEMENT_3D ( 'NONE', #1406, #803, #434 ) ;
#2587 = ORIENTED_EDGE ( 'NONE', *, *, #980, .F. ) ;
#2588 = DIRECTION ( 'NONE',  ( 0.0000000000000000000, -0.7660444431189772400, 0.6427876096865401400 ) ) ;
#2589 = CARTESIAN_POINT ( 'NONE',  ( 38.10000000000000100, 4.025900000000000000, 2.561056801418277300 ) ) ;
#2590 = VERTEX_POINT ( 'NONE', #530 ) ;
#2591 = ADVANCED_FACE ( 'NONE', ( #2056 ), #1799, .T. ) ;
#2592 = ORIENTED_EDGE ( 'NONE', *, *, #1206, .F. ) ;
#2593 = CARTESIAN_POINT ( 'NONE',  ( -38.10000000000000100, -4.279899999999999600, 1.752599999999999900 ) ) ;
#2594 = EDGE_LOOP ( 'NONE', ( #2538, #2475, #1365, #282 ) ) ;
#2595 = CARTESIAN_POINT ( 'NONE',  ( 38.10000000000000100, -1.752599999999999900, -5.000000000000000000 ) ) ;
#2596 = EDGE_LOOP ( 'NONE', ( #2285, #2420, #1109, #1230 ) ) ;
#2597 = DIRECTION ( 'NONE',  ( -1.000000000000000000, 0.0000000000000000000, 0.0000000000000000000 ) ) ;
#2598 = CARTESIAN_POINT ( 'NONE',  ( 38.10000000000000100, 1.089867613356766400, 2.078724711447783100 ) ) ;
#2599 = ORIENTED_EDGE ( 'NONE', *, *, #1052, .F. ) ;
#2600 = EDGE_LOOP ( 'NONE', ( #216, #265, #1269, #1471 ) ) ;
#2601 = PERSON_AND_ORGANIZATION ( #2227, #1636 ) ;
#2602 = FACE_OUTER_BOUND ( 'NONE', #524, .T. ) ;
#2603 = ADVANCED_FACE ( 'NONE', ( #1991 ), #2355, .F. ) ;
#2604 = DIRECTION ( 'NONE',  ( -1.000000000000000000, -0.0000000000000000000, -0.0000000000000000000 ) ) ;
#2605 = DIRECTION ( 'NONE',  ( -0.0000000000000000000, -0.0000000000000000000, -1.000000000000000000 ) ) ;
#2606 = AXIS2_PLACEMENT_3D ( 'NONE', #486, #1245, #1474 ) ;
#2607 = EDGE_LOOP ( 'NONE', ( #1922, #343, #2433, #615 ) ) ;
#2608 = LINE ( 'NONE', #210, #2251 ) ;
#2609 = VECTOR ( 'NONE', #1911, 1000.000000000000000 ) ;
#2610 = EDGE_LOOP ( 'NONE', ( #1043, #1088, #78, #1141 ) ) ;
#2611 = ORIENTED_EDGE ( 'NONE', *, *, #440, .F. ) ;
#2612 = FACE_OUTER_BOUND ( 'NONE', #2610, .T. ) ;
#2613 = VECTOR ( 'NONE', #518, 1000.000000000000000 ) ;
#2614 = DIRECTION ( 'NONE',  ( 0.0000000000000000000, 0.0000000000000000000, 1.000000000000000000 ) ) ;
#2615 = AXIS2_PLACEMENT_3D ( 'NONE', #1716, #1920, #708 ) ;
#2616 = CARTESIAN_POINT ( 'NONE',  ( 38.10000000000000100, -4.025900000000000000, -1.752600000000001700 ) ) ;
#2617 = EDGE_CURVE ( 'NONE', #2418, #2244, #448, .T. ) ;
#2618 = CARTESIAN_POINT ( 'NONE',  ( -38.10000000000000100, -0.9265995604963832600, -2.019300000000003000 ) ) ;
#2619 = CARTESIAN_POINT ( 'NONE',  ( -38.10000000000000100, 4.746000000000000400, 1.752599999999999900 ) ) ;
#2620 = EDGE_CURVE ( 'NONE', #707, #391, #2539, .T. ) ;
#2621 = ORIENTED_EDGE ( 'NONE', *, *, #1800, .F. ) ;
#2622 = ADVANCED_FACE ( 'NONE', ( #1509 ), #1831, .T. ) ;
#2623 = ORIENTED_EDGE ( 'NONE', *, *, #2008, .F. ) ;
#2624 = DIRECTION ( 'NONE',  ( 0.0000000000000000000, -1.000000000000000000, 0.0000000000000000000 ) ) ;
#2625 = ADVANCED_FACE ( 'NONE', ( #1447 ), #444, .F. ) ;
#2626 = CARTESIAN_POINT ( 'NONE',  ( 38.10000000000000100, -2.273299999999999900, -0.9265995604963841400 ) ) ;
#2627 = ORIENTED_EDGE ( 'NONE', *, *, #1724, .T. ) ;
ENDSEC;
END-ISO-10303-21;
